# Blender v3.0.1 OBJ File: ''
# www.blender.org
mtllib box_arm_strong.mtl
o box_arm_strong.002_box_arm_strong.004
v 0.011357 -0.002461 0.523600
v 0.009857 -0.002462 0.523600
v 0.011357 -0.003261 0.523815
v 0.009857 -0.003262 0.523815
v 0.011357 -0.003847 0.524401
v 0.009857 -0.003847 0.524401
v 0.011357 -0.004060 0.525201
v 0.009857 -0.004061 0.525201
v 0.011357 -0.003846 0.526001
v 0.009857 -0.003846 0.526001
v 0.011356 -0.003260 0.526586
v 0.009856 -0.003260 0.526586
v 0.011356 -0.002459 0.526800
v 0.009856 -0.002460 0.526800
v 0.011356 -0.001660 0.526585
v 0.009856 -0.001660 0.526585
v 0.011356 -0.001074 0.525999
v 0.009856 -0.001075 0.525999
v 0.011356 -0.000860 0.525199
v 0.009856 -0.000861 0.525199
v 0.011356 -0.001075 0.524399
v 0.009856 -0.001076 0.524399
v 0.011357 -0.001661 0.523814
v 0.009857 -0.001662 0.523814
v 0.011354 -0.008951 0.540009
v 0.011502 -0.009280 0.000009
v 0.011351 0.003049 0.540001
v 0.011499 0.002720 0.000002
v 0.023354 -0.008948 0.540012
v 0.024854 -0.010448 0.540013
v 0.023351 0.003052 0.540005
v 0.024851 0.004552 0.540004
v 0.009851 0.004548 0.540000
v 0.009854 -0.010452 0.540009
v 0.009999 0.004220 0.000000
v 0.010003 -0.010780 0.000009
v 0.018952 0.004547 0.535003
v 0.018737 0.004548 0.535802
v 0.015967 0.004546 0.534202
v 0.016552 0.004546 0.533616
v 0.024999 0.004224 0.000004
v 0.018152 0.004548 0.536388
v 0.017352 0.004548 0.536602
v 0.016552 0.004548 0.536388
v 0.015966 0.004547 0.535802
v 0.017352 0.004546 0.533402
v 0.018152 0.004546 0.533617
v 0.018738 0.004547 0.534202
v 0.015752 0.004547 0.535002
v 0.017353 0.003046 0.533403
v 0.018153 0.003046 0.533618
v 0.018738 0.003047 0.534203
v 0.018952 0.003047 0.535003
v 0.018738 0.003048 0.535803
v 0.018152 0.003048 0.536389
v 0.017352 0.003048 0.536603
v 0.016552 0.003048 0.536388
v 0.015967 0.003047 0.535803
v 0.015752 0.003047 0.535003
v 0.015967 0.003046 0.534203
v 0.016553 0.003046 0.533617
v 0.023499 0.002723 0.000005
v 0.023502 -0.009277 0.000012
v 0.025003 -0.010776 0.000013
v 0.015970 -0.010454 0.534211
v 0.015756 -0.010453 0.535011
v 0.015970 -0.010453 0.535811
v 0.016555 -0.010452 0.536397
v 0.017355 -0.010452 0.536611
v 0.018155 -0.010452 0.536397
v 0.018741 -0.010452 0.535812
v 0.018956 -0.010453 0.535012
v 0.018742 -0.010453 0.534212
v 0.018156 -0.010454 0.533626
v 0.017356 -0.010454 0.533411
v 0.016556 -0.010454 0.533625
v 0.017356 -0.008954 0.533410
v 0.018156 -0.008954 0.533625
v 0.018741 -0.008953 0.534211
v 0.018955 -0.008953 0.535011
v 0.018741 -0.008952 0.535811
v 0.018155 -0.008952 0.536396
v 0.017355 -0.008952 0.536610
v 0.016555 -0.008952 0.536396
v 0.015970 -0.008953 0.535810
v 0.015755 -0.008953 0.535010
v 0.015970 -0.008954 0.534210
v 0.016556 -0.008954 0.533624
v 0.014357 0.011531 0.509997
v 0.020357 0.011533 0.509999
v 0.014357 0.011531 0.509577
v 0.020357 0.011532 0.509579
v 0.010858 0.007030 0.509999
v 0.010859 0.007029 0.508575
v 0.010358 0.006896 0.509999
v 0.010861 0.007025 0.500997
v 0.010862 0.007021 0.494714
v 0.010864 0.007017 0.488431
v 0.010866 0.007013 0.482147
v 0.010868 0.007009 0.475864
v 0.010869 0.007006 0.469581
v 0.010871 0.007002 0.463298
v 0.010875 0.006994 0.450731
v 0.010876 0.006990 0.444448
v 0.010878 0.006987 0.438165
v 0.010880 0.006983 0.431882
v 0.010881 0.006979 0.425599
v 0.010883 0.006975 0.419315
v 0.010885 0.006971 0.413032
v 0.010887 0.006967 0.406749
v 0.010890 0.006960 0.394183
v 0.010892 0.006956 0.387900
v 0.010894 0.006952 0.381616
v 0.010895 0.006948 0.375333
v 0.010897 0.006945 0.369050
v 0.010899 0.006941 0.362767
v 0.010900 0.006937 0.356484
v 0.010902 0.006933 0.350200
v 0.010906 0.006925 0.337634
v 0.010907 0.006922 0.331351
v 0.010909 0.006918 0.325068
v 0.010911 0.006914 0.318785
v 0.010913 0.006910 0.312501
v 0.010914 0.006906 0.306218
v 0.010916 0.006903 0.299935
v 0.010918 0.006899 0.293652
v 0.010923 0.006887 0.274802
v 0.010925 0.006883 0.268519
v 0.010926 0.006880 0.262236
v 0.010928 0.006876 0.255953
v 0.010930 0.006872 0.249669
v 0.010932 0.006868 0.243386
v 0.010490 0.006604 0.029999
v 0.010933 0.006864 0.237103
v 0.010935 0.006860 0.230820
v 0.010938 0.006853 0.218254
v 0.010940 0.006849 0.211970
v 0.010942 0.006845 0.205687
v 0.010944 0.006841 0.199404
v 0.010947 0.006834 0.186838
v 0.010949 0.006830 0.180554
v 0.010950 0.006826 0.174271
v 0.010952 0.006822 0.167988
v 0.010956 0.006815 0.155422
v 0.010957 0.006811 0.149139
v 0.010959 0.006807 0.142855
v 0.010961 0.006803 0.136572
v 0.010963 0.006799 0.130289
v 0.010964 0.006796 0.124006
v 0.010966 0.006792 0.117723
v 0.010968 0.006788 0.111439
v 0.010971 0.006780 0.098873
v 0.010973 0.006776 0.092590
v 0.010975 0.006773 0.086307
v 0.010976 0.006769 0.080024
v 0.010980 0.006761 0.067457
v 0.010982 0.006757 0.061174
v 0.010983 0.006754 0.054891
v 0.010985 0.006750 0.048608
v 0.010990 0.006738 0.029999
v 0.010124 0.006238 0.029999
v 0.009992 0.006530 0.509999
v 0.009990 0.005738 0.029999
v 0.009859 0.006030 0.509999
v 0.009859 0.004530 0.510000
v 0.009991 0.004238 0.030000
v 0.012309 0.005631 0.510000
v 0.011209 0.004530 0.510000
v 0.012440 0.005339 0.030000
v 0.011341 0.004239 0.030001
v 0.024859 0.004534 0.510004
v 0.023509 0.004533 0.510004
v 0.024991 0.004242 0.030004
v 0.023641 0.004242 0.030004
v 0.023859 0.007033 0.508579
v 0.023858 0.007033 0.510002
v 0.024358 0.006900 0.510003
v 0.024859 0.006034 0.510003
v 0.024990 0.005742 0.030003
v 0.024856 0.006242 0.030003
v 0.024724 0.006534 0.510003
v 0.024490 0.006608 0.030003
v 0.023990 0.006742 0.030002
v 0.023985 0.006753 0.048611
v 0.023983 0.006757 0.054894
v 0.023982 0.006761 0.061178
v 0.023980 0.006764 0.067461
v 0.023976 0.006772 0.080027
v 0.023975 0.006776 0.086310
v 0.023973 0.006780 0.092593
v 0.023971 0.006784 0.098877
v 0.023968 0.006791 0.111443
v 0.023966 0.006795 0.117726
v 0.023964 0.006799 0.124009
v 0.023963 0.006803 0.130293
v 0.023961 0.006806 0.136576
v 0.023959 0.006810 0.142859
v 0.023957 0.006814 0.149142
v 0.023956 0.006818 0.155425
v 0.023952 0.006826 0.167992
v 0.023950 0.006829 0.174275
v 0.023949 0.006833 0.180558
v 0.023947 0.006837 0.186841
v 0.023944 0.006845 0.199408
v 0.023942 0.006848 0.205691
v 0.023940 0.006852 0.211974
v 0.023938 0.006856 0.218257
v 0.023935 0.006864 0.230824
v 0.023933 0.006868 0.237107
v 0.023932 0.006871 0.243390
v 0.023930 0.006875 0.249673
v 0.023928 0.006879 0.255956
v 0.023926 0.006883 0.262239
v 0.023925 0.006887 0.268523
v 0.023923 0.006890 0.274806
v 0.023918 0.006902 0.293655
v 0.023916 0.006906 0.299939
v 0.023914 0.006910 0.306222
v 0.023913 0.006913 0.312505
v 0.023911 0.006917 0.318788
v 0.023909 0.006921 0.325071
v 0.023907 0.006925 0.331354
v 0.023906 0.006929 0.337638
v 0.023902 0.006936 0.350204
v 0.023900 0.006940 0.356487
v 0.023899 0.006944 0.362770
v 0.023897 0.006948 0.369054
v 0.023895 0.006952 0.375337
v 0.023894 0.006955 0.381620
v 0.023892 0.006959 0.387903
v 0.023890 0.006963 0.394186
v 0.023887 0.006971 0.406753
v 0.023885 0.006974 0.413036
v 0.023883 0.006978 0.419319
v 0.023881 0.006982 0.425602
v 0.023880 0.006986 0.431885
v 0.023878 0.006990 0.438169
v 0.023876 0.006994 0.444452
v 0.023875 0.006997 0.450735
v 0.023871 0.007005 0.463301
v 0.023869 0.007009 0.469584
v 0.023868 0.007013 0.475868
v 0.023866 0.007016 0.482151
v 0.023864 0.007020 0.488434
v 0.023862 0.007024 0.494717
v 0.023861 0.007028 0.501000
v 0.013492 0.006747 0.030000
v 0.013490 0.006739 0.030000
v 0.013493 0.006751 0.030022
v 0.013488 0.006743 0.035913
v 0.013529 0.006915 0.030373
v 0.014488 0.011242 0.033741
v 0.014488 0.011241 0.032055
v 0.013600 0.007242 0.035199
v 0.013601 0.007239 0.030601
v 0.013542 0.006981 0.035360
v 0.013502 0.006805 0.035612
v 0.020488 0.011242 0.032057
v 0.021379 0.007241 0.030603
v 0.020488 0.011243 0.033742
v 0.021377 0.007244 0.035201
v 0.021488 0.006745 0.035915
v 0.021475 0.006807 0.035614
v 0.021436 0.006983 0.035362
v 0.021490 0.006741 0.030002
v 0.021488 0.006749 0.030002
v 0.021454 0.006902 0.030358
v 0.021384 0.007219 0.030595
v 0.022540 0.005341 0.030003
v 0.022740 0.006741 0.030002
v 0.021358 0.007033 0.510002
v 0.022409 0.005633 0.510003
v 0.013358 0.007031 0.510000
v 0.022608 0.007033 0.510002
v 0.013373 0.007092 0.507710
v 0.013359 0.007029 0.507409
v 0.013359 0.007030 0.508576
v 0.013470 0.007530 0.508123
v 0.013412 0.007268 0.507962
v 0.021248 0.007532 0.508125
v 0.021306 0.007270 0.507964
v 0.021359 0.007032 0.508578
v 0.021345 0.007094 0.507713
v 0.021359 0.007031 0.507412
v 0.013472 0.007526 0.501840
v 0.014359 0.011527 0.503294
v 0.021249 0.007528 0.501842
v 0.020359 0.011528 0.503295
v 0.014359 0.011528 0.504979
v 0.020359 0.011530 0.504981
v 0.013470 0.007529 0.506438
v 0.021248 0.007531 0.506440
v 0.013359 0.007029 0.507152
v 0.021359 0.007031 0.507154
v 0.021345 0.007093 0.506853
v 0.013373 0.007091 0.506851
v 0.021306 0.007269 0.506601
v 0.013412 0.007267 0.506599
v 0.013414 0.007264 0.501679
v 0.013374 0.007088 0.501427
v 0.013361 0.007025 0.501126
v 0.021308 0.007266 0.501681
v 0.021347 0.007090 0.501429
v 0.021361 0.007027 0.501128
v 0.013473 0.007522 0.495557
v 0.014361 0.011523 0.497011
v 0.021251 0.007524 0.495559
v 0.020361 0.011525 0.497012
v 0.014360 0.011524 0.498696
v 0.020360 0.011526 0.498698
v 0.013472 0.007525 0.500154
v 0.021250 0.007527 0.500157
v 0.013361 0.007025 0.500869
v 0.021361 0.007027 0.500871
v 0.021347 0.007089 0.500570
v 0.013375 0.007087 0.500568
v 0.021308 0.007265 0.500318
v 0.013414 0.007263 0.500316
v 0.013415 0.007260 0.495396
v 0.013376 0.007084 0.495144
v 0.013362 0.007022 0.494843
v 0.021309 0.007262 0.495398
v 0.021349 0.007086 0.495146
v 0.021362 0.007024 0.494845
v 0.013475 0.007518 0.489274
v 0.014362 0.011519 0.490727
v 0.021253 0.007520 0.489276
v 0.020362 0.011521 0.490729
v 0.014362 0.011520 0.492413
v 0.020362 0.011522 0.492415
v 0.013474 0.007521 0.493871
v 0.021251 0.007523 0.493873
v 0.013363 0.007021 0.494586
v 0.021363 0.007023 0.494588
v 0.021349 0.007085 0.494287
v 0.013376 0.007083 0.494285
v 0.021310 0.007262 0.494035
v 0.013416 0.007260 0.494033
v 0.013378 0.007080 0.488861
v 0.013364 0.007018 0.488560
v 0.013417 0.007257 0.489113
v 0.021311 0.007259 0.489115
v 0.021350 0.007082 0.488863
v 0.021364 0.007020 0.488562
v 0.013477 0.007514 0.482991
v 0.014364 0.011516 0.484444
v 0.021254 0.007516 0.482993
v 0.020364 0.011517 0.484446
v 0.014364 0.011517 0.486130
v 0.020364 0.011518 0.486132
v 0.013475 0.007517 0.487588
v 0.021253 0.007519 0.487590
v 0.013364 0.007018 0.488302
v 0.021364 0.007020 0.488305
v 0.021351 0.007082 0.488004
v 0.013378 0.007080 0.488001
v 0.021311 0.007258 0.487752
v 0.013417 0.007256 0.487750
v 0.013419 0.007253 0.482829
v 0.013380 0.007076 0.482578
v 0.013366 0.007014 0.482277
v 0.021313 0.007255 0.482832
v 0.021352 0.007078 0.482580
v 0.021366 0.007016 0.482279
v 0.013478 0.007511 0.476707
v 0.014366 0.011512 0.478161
v 0.021256 0.007513 0.476710
v 0.020366 0.011513 0.478163
v 0.014365 0.011513 0.479847
v 0.020365 0.011514 0.479848
v 0.013477 0.007513 0.481305
v 0.021255 0.007515 0.481307
v 0.013366 0.007014 0.482019
v 0.021366 0.007016 0.482021
v 0.021352 0.007078 0.481720
v 0.013380 0.007076 0.481718
v 0.021313 0.007254 0.481468
v 0.013419 0.007252 0.481466
v 0.013420 0.007249 0.476546
v 0.013381 0.007073 0.476294
v 0.013368 0.007010 0.475993
v 0.021314 0.007251 0.476548
v 0.021354 0.007074 0.476297
v 0.021368 0.007012 0.475996
v 0.013480 0.007507 0.470424
v 0.014368 0.011508 0.471878
v 0.021258 0.007509 0.470426
v 0.020368 0.011509 0.471880
v 0.014367 0.011509 0.473564
v 0.020367 0.011510 0.473565
v 0.013479 0.007510 0.475022
v 0.021257 0.007512 0.475024
v 0.013368 0.007010 0.475736
v 0.021368 0.007012 0.475738
v 0.021354 0.007074 0.475437
v 0.013382 0.007072 0.475435
v 0.021315 0.007250 0.475185
v 0.013421 0.007248 0.475183
v 0.013422 0.007245 0.470263
v 0.013383 0.007069 0.470011
v 0.013369 0.007006 0.469710
v 0.021316 0.007247 0.470265
v 0.021355 0.007071 0.470013
v 0.021369 0.007008 0.469713
v 0.014369 0.011505 0.467280
v 0.020369 0.011507 0.467282
v 0.014369 0.011504 0.465595
v 0.020369 0.011506 0.465596
v 0.013481 0.007506 0.468738
v 0.021258 0.007508 0.468741
v 0.013369 0.007006 0.469453
v 0.021369 0.007008 0.469455
v 0.021356 0.007070 0.469154
v 0.013383 0.007068 0.469152
v 0.021317 0.007246 0.468902
v 0.013423 0.007244 0.468900
v 0.013393 0.007101 0.463800
v 0.013371 0.007003 0.463427
v 0.013454 0.007376 0.464081
v 0.013482 0.007503 0.464141
v 0.021260 0.007505 0.464143
v 0.021332 0.007181 0.463915
v 0.021368 0.007017 0.463564
v 0.021371 0.007004 0.463429
v 0.013484 0.007499 0.457858
v 0.014371 0.011500 0.459312
v 0.021261 0.007501 0.457860
v 0.020371 0.011502 0.459313
v 0.014371 0.011501 0.460997
v 0.020371 0.011503 0.460999
v 0.013482 0.007502 0.462455
v 0.021260 0.007504 0.462457
v 0.013371 0.007002 0.463170
v 0.021371 0.007004 0.463172
v 0.021357 0.007066 0.462871
v 0.013385 0.007064 0.462869
v 0.021318 0.007242 0.462619
v 0.013424 0.007240 0.462617
v 0.013426 0.007238 0.457697
v 0.013387 0.007061 0.457445
v 0.013373 0.006999 0.457144
v 0.021320 0.007239 0.457699
v 0.021359 0.007063 0.457447
v 0.021373 0.007001 0.457146
v 0.013485 0.007495 0.451575
v 0.014373 0.011496 0.453028
v 0.021263 0.007497 0.451577
v 0.020373 0.011498 0.453030
v 0.014372 0.011497 0.454714
v 0.020372 0.011499 0.454716
v 0.013484 0.007498 0.456172
v 0.021262 0.007500 0.456174
v 0.013373 0.006999 0.456887
v 0.021373 0.007001 0.456889
v 0.021359 0.007062 0.456588
v 0.013387 0.007061 0.456585
v 0.021320 0.007239 0.456336
v 0.013426 0.007237 0.456334
v 0.013427 0.007234 0.451413
v 0.013388 0.007057 0.451162
v 0.013375 0.006995 0.450861
v 0.021321 0.007236 0.451416
v 0.021361 0.007059 0.451164
v 0.021375 0.006997 0.450863
v 0.013487 0.007492 0.445291
v 0.014375 0.011493 0.446745
v 0.021265 0.007494 0.445294
v 0.020375 0.011494 0.446747
v 0.014374 0.011494 0.448431
v 0.020374 0.011495 0.448433
v 0.013486 0.007494 0.449889
v 0.021264 0.007496 0.449891
v 0.013414 0.007170 0.450117
v 0.013376 0.006991 0.444578
v 0.013377 0.007007 0.450469
v 0.013375 0.006995 0.450603
v 0.013429 0.007230 0.445130
v 0.013390 0.007053 0.444879
v 0.021323 0.007232 0.445132
v 0.021362 0.007055 0.444881
v 0.021376 0.006993 0.444580
v 0.021353 0.007094 0.450232
v 0.021375 0.006997 0.450606
v 0.021292 0.007369 0.449951
v 0.014376 0.011490 0.442148
v 0.020376 0.011491 0.442149
v 0.014376 0.011489 0.440462
v 0.020376 0.011490 0.440464
v 0.013488 0.007491 0.443606
v 0.021265 0.007492 0.443608
v 0.013400 0.007085 0.438668
v 0.013378 0.006987 0.438294
v 0.013376 0.006991 0.444320
v 0.013379 0.007003 0.444186
v 0.013415 0.007166 0.443834
v 0.013461 0.007361 0.438948
v 0.013489 0.007488 0.439008
v 0.021267 0.007490 0.439010
v 0.021355 0.007091 0.443949
v 0.021376 0.006993 0.444322
v 0.021378 0.006989 0.438297
v 0.021375 0.007001 0.438431
v 0.021339 0.007165 0.438783
v 0.021294 0.007366 0.443668
v 0.014378 0.011486 0.435864
v 0.020378 0.011487 0.435866
v 0.014378 0.011485 0.434179
v 0.020378 0.011486 0.434180
v 0.013489 0.007487 0.437323
v 0.021267 0.007489 0.437325
v 0.013401 0.007082 0.432384
v 0.013380 0.006983 0.432011
v 0.013378 0.006987 0.438037
v 0.013381 0.006999 0.437902
v 0.013417 0.007163 0.437551
v 0.013462 0.007357 0.432665
v 0.013491 0.007484 0.432725
v 0.021268 0.007486 0.432727
v 0.021356 0.007087 0.437666
v 0.021378 0.006989 0.438039
v 0.021380 0.006985 0.432013
v 0.021377 0.006997 0.432148
v 0.021340 0.007161 0.432499
v 0.021295 0.007362 0.437385
v 0.014379 0.011482 0.429581
v 0.020379 0.011484 0.429583
v 0.014380 0.011481 0.427896
v 0.020380 0.011483 0.427897
v 0.013491 0.007483 0.431039
v 0.021269 0.007485 0.431041
v 0.013403 0.007078 0.426101
v 0.013381 0.006980 0.425728
v 0.013380 0.006983 0.431754
v 0.013382 0.006995 0.431619
v 0.013419 0.007159 0.431268
v 0.013464 0.007353 0.426382
v 0.013492 0.007480 0.426442
v 0.021270 0.007482 0.426444
v 0.021358 0.007083 0.431383
v 0.021380 0.006985 0.431756
v 0.021381 0.006982 0.425730
v 0.021379 0.006994 0.425865
v 0.021342 0.007158 0.426216
v 0.021297 0.007358 0.431102
v 0.013494 0.007476 0.420159
v 0.014381 0.011477 0.421612
v 0.021272 0.007478 0.420161
v 0.020381 0.011479 0.421614
v 0.014381 0.011478 0.423298
v 0.020381 0.011480 0.423300
v 0.013493 0.007479 0.424756
v 0.021270 0.007481 0.424758
v 0.013421 0.007155 0.424984
v 0.013383 0.006976 0.419445
v 0.013384 0.006991 0.425336
v 0.013382 0.006979 0.425471
v 0.013436 0.007215 0.419998
v 0.013397 0.007038 0.419746
v 0.021330 0.007217 0.420000
v 0.021369 0.007040 0.419748
v 0.021383 0.006978 0.419447
v 0.021360 0.007079 0.425100
v 0.021382 0.006981 0.425473
v 0.021299 0.007354 0.424818
v 0.013496 0.007472 0.413876
v 0.014383 0.011474 0.415329
v 0.021273 0.007474 0.413878
v 0.020383 0.011475 0.415331
v 0.014383 0.011475 0.417015
v 0.020383 0.011476 0.417017
v 0.013494 0.007475 0.418473
v 0.021272 0.007477 0.418475
v 0.013383 0.006976 0.419187
v 0.021383 0.006978 0.419190
v 0.021369 0.007040 0.418889
v 0.013397 0.007038 0.418886
v 0.021330 0.007216 0.418637
v 0.013436 0.007214 0.418635
v 0.013438 0.007211 0.413714
v 0.013399 0.007034 0.413463
v 0.013385 0.006972 0.413162
v 0.021332 0.007213 0.413716
v 0.021371 0.007036 0.413465
v 0.021385 0.006974 0.413164
v 0.013497 0.007469 0.407592
v 0.014385 0.011470 0.409046
v 0.021275 0.007471 0.407595
v 0.020385 0.011471 0.409048
v 0.014384 0.011471 0.410732
v 0.020384 0.011472 0.410733
v 0.013496 0.007471 0.412190
v 0.021274 0.007473 0.412192
v 0.013424 0.007147 0.412418
v 0.013387 0.006968 0.406879
v 0.013388 0.006984 0.412770
v 0.013385 0.006972 0.412904
v 0.013439 0.007207 0.407431
v 0.013400 0.007030 0.407179
v 0.021333 0.007209 0.407433
v 0.021373 0.007032 0.407182
v 0.021387 0.006970 0.406881
v 0.021363 0.007071 0.412533
v 0.021385 0.006974 0.412906
v 0.021302 0.007346 0.412252
v 0.013499 0.007465 0.401309
v 0.014387 0.011466 0.402763
v 0.021277 0.007467 0.401311
v 0.020387 0.011467 0.402764
v 0.014386 0.011467 0.404449
v 0.020386 0.011468 0.404450
v 0.013498 0.007468 0.405907
v 0.021276 0.007470 0.405909
v 0.013387 0.006968 0.406621
v 0.021387 0.006970 0.406623
v 0.021373 0.007032 0.406322
v 0.013401 0.007030 0.406320
v 0.021334 0.007208 0.406070
v 0.013440 0.007206 0.406068
v 0.013388 0.006964 0.400595
v 0.013402 0.007027 0.400896
v 0.013441 0.007203 0.401148
v 0.021335 0.007205 0.401150
v 0.021374 0.007029 0.400898
v 0.021388 0.006966 0.400597
v 0.013501 0.007461 0.395026
v 0.014388 0.011462 0.396480
v 0.021279 0.007463 0.395028
v 0.020388 0.011464 0.396481
v 0.014388 0.011463 0.398165
v 0.020388 0.011465 0.398167
v 0.013500 0.007464 0.399623
v 0.021277 0.007466 0.399626
v 0.013428 0.007140 0.399852
v 0.013390 0.006960 0.394312
v 0.013391 0.006976 0.400203
v 0.013388 0.006964 0.400338
v 0.013443 0.007199 0.394865
v 0.013404 0.007023 0.394613
v 0.021337 0.007201 0.394867
v 0.021376 0.007025 0.394615
v 0.021390 0.006962 0.394314
v 0.021367 0.007064 0.399967
v 0.021388 0.006966 0.400340
v 0.021306 0.007339 0.399686
v 0.013503 0.007457 0.388743
v 0.014390 0.011458 0.390197
v 0.021280 0.007459 0.388745
v 0.020390 0.011460 0.390198
v 0.014390 0.011459 0.391882
v 0.020390 0.011461 0.391884
v 0.013501 0.007460 0.393340
v 0.021279 0.007462 0.393342
v 0.013429 0.007136 0.393569
v 0.013392 0.006957 0.388029
v 0.013393 0.006972 0.393920
v 0.013390 0.006960 0.394055
v 0.013445 0.007195 0.388582
v 0.013406 0.007019 0.388330
v 0.021339 0.007197 0.388584
v 0.021378 0.007021 0.388332
v 0.021392 0.006959 0.388031
v 0.021368 0.007060 0.393684
v 0.021390 0.006962 0.394057
v 0.021307 0.007335 0.393402
v 0.013504 0.007453 0.382460
v 0.014392 0.011454 0.383913
v 0.021282 0.007455 0.382462
v 0.020392 0.011456 0.383915
v 0.014391 0.011455 0.385599
v 0.020391 0.011457 0.385601
v 0.013503 0.007456 0.387057
v 0.021281 0.007458 0.387059
v 0.013431 0.007132 0.387285
v 0.013394 0.006953 0.381746
v 0.013395 0.006968 0.387637
v 0.013392 0.006957 0.387772
v 0.013446 0.007192 0.382298
v 0.013407 0.007015 0.382047
v 0.021340 0.007194 0.382301
v 0.021380 0.007017 0.382049
v 0.021394 0.006955 0.381748
v 0.021370 0.007056 0.387400
v 0.021392 0.006959 0.387774
v 0.021309 0.007331 0.387119
v 0.013506 0.007450 0.376176
v 0.014394 0.011451 0.377630
v 0.021284 0.007451 0.376179
v 0.020394 0.011452 0.377632
v 0.014393 0.011452 0.379316
v 0.020393 0.011453 0.379317
v 0.013505 0.007452 0.380774
v 0.021283 0.007454 0.380776
v 0.013433 0.007128 0.381002
v 0.013395 0.006949 0.375463
v 0.013396 0.006965 0.381354
v 0.013394 0.006953 0.381488
v 0.013448 0.007188 0.376015
v 0.013409 0.007011 0.375764
v 0.021342 0.007190 0.376017
v 0.021381 0.007013 0.375766
v 0.021395 0.006951 0.375465
v 0.021372 0.007052 0.381117
v 0.021394 0.006955 0.381491
v 0.021311 0.007327 0.380836
v 0.013508 0.007446 0.369893
v 0.014395 0.011447 0.371347
v 0.021286 0.007448 0.369895
v 0.020395 0.011448 0.371349
v 0.014395 0.011448 0.373033
v 0.020395 0.011449 0.373034
v 0.013507 0.007449 0.374491
v 0.021284 0.007450 0.374493
v 0.013434 0.007124 0.374719
v 0.013397 0.006945 0.369179
v 0.013398 0.006961 0.375071
v 0.013395 0.006949 0.375205
v 0.013450 0.007184 0.369732
v 0.013411 0.007008 0.369480
v 0.021344 0.007186 0.369734
v 0.021383 0.007010 0.369483
v 0.021397 0.006947 0.369182
v 0.021374 0.007049 0.374834
v 0.021395 0.006951 0.375207
v 0.021312 0.007324 0.374553
v 0.013509 0.007442 0.363610
v 0.014397 0.011443 0.365064
v 0.021287 0.007444 0.363612
v 0.020397 0.011444 0.365065
v 0.014397 0.011444 0.366749
v 0.020397 0.011445 0.366751
v 0.013508 0.007445 0.368208
v 0.021286 0.007447 0.368210
v 0.013436 0.007121 0.368436
v 0.013399 0.006941 0.362896
v 0.013400 0.006957 0.368787
v 0.013397 0.006945 0.368922
v 0.013451 0.007180 0.363449
v 0.013412 0.007004 0.363197
v 0.021345 0.007182 0.363451
v 0.021385 0.007006 0.363199
v 0.021399 0.006943 0.362898
v 0.021375 0.007045 0.368551
v 0.021397 0.006947 0.368924
v 0.021314 0.007320 0.368270
v 0.013511 0.007438 0.357327
v 0.014399 0.011439 0.358781
v 0.021289 0.007440 0.357329
v 0.020399 0.011441 0.358782
v 0.014398 0.011440 0.360466
v 0.020398 0.011442 0.360468
v 0.013510 0.007441 0.361924
v 0.021288 0.007443 0.361926
v 0.013399 0.006941 0.362639
v 0.021399 0.006943 0.362641
v 0.021385 0.007005 0.362340
v 0.013413 0.007003 0.362338
v 0.021346 0.007181 0.362088
v 0.013452 0.007179 0.362086
v 0.013453 0.007176 0.357166
v 0.013414 0.007000 0.356914
v 0.013400 0.006938 0.356613
v 0.021347 0.007178 0.357168
v 0.021387 0.007002 0.356916
v 0.021400 0.006940 0.356615
v 0.013513 0.007434 0.351044
v 0.014400 0.011435 0.352497
v 0.021291 0.007436 0.351046
v 0.020400 0.011437 0.352499
v 0.014400 0.011436 0.354183
v 0.020400 0.011438 0.354185
v 0.013512 0.007437 0.355641
v 0.021289 0.007439 0.355643
v 0.013440 0.007113 0.355869
v 0.013402 0.006934 0.350330
v 0.013403 0.006949 0.356221
v 0.013400 0.006937 0.356356
v 0.013455 0.007173 0.350883
v 0.013416 0.006996 0.350631
v 0.021349 0.007175 0.350885
v 0.021388 0.006998 0.350633
v 0.021402 0.006936 0.350332
v 0.021379 0.007037 0.355985
v 0.021400 0.006939 0.356358
v 0.021318 0.007312 0.355703
v 0.013515 0.007430 0.344761
v 0.014402 0.011432 0.346214
v 0.021292 0.007432 0.344763
v 0.020402 0.011433 0.346216
v 0.014402 0.011433 0.347900
v 0.020402 0.011434 0.347902
v 0.013513 0.007433 0.349358
v 0.021291 0.007435 0.349360
v 0.013402 0.006934 0.350072
v 0.021402 0.006936 0.350075
v 0.021388 0.006998 0.349774
v 0.013416 0.006996 0.349771
v 0.021349 0.007174 0.349522
v 0.013455 0.007172 0.349519
v 0.013404 0.006930 0.344047
v 0.013457 0.007169 0.344599
v 0.013418 0.006992 0.344348
v 0.021351 0.007171 0.344602
v 0.021390 0.006994 0.344350
v 0.021404 0.006932 0.344049
v 0.013516 0.007427 0.338477
v 0.014404 0.011428 0.339931
v 0.021294 0.007429 0.338479
v 0.020404 0.011429 0.339933
v 0.014403 0.011429 0.341617
v 0.020403 0.011430 0.341618
v 0.013515 0.007429 0.343075
v 0.021293 0.007431 0.343077
v 0.013404 0.006930 0.343789
v 0.021404 0.006932 0.343791
v 0.021390 0.006994 0.343490
v 0.013418 0.006992 0.343488
v 0.021351 0.007170 0.343238
v 0.013457 0.007168 0.343236
v 0.013406 0.006926 0.337763
v 0.013458 0.007165 0.338316
v 0.013419 0.006988 0.338064
v 0.021352 0.007167 0.338318
v 0.021392 0.006990 0.338067
v 0.021406 0.006928 0.337766
v 0.013518 0.007423 0.332194
v 0.014406 0.011424 0.333648
v 0.021296 0.007425 0.332196
v 0.020406 0.011425 0.333649
v 0.014405 0.011425 0.335334
v 0.020405 0.011426 0.335335
v 0.013517 0.007426 0.336792
v 0.021295 0.007428 0.336794
v 0.013406 0.006926 0.337506
v 0.021406 0.006928 0.337508
v 0.021392 0.006990 0.337207
v 0.013420 0.006988 0.337205
v 0.021353 0.007166 0.336955
v 0.013459 0.007164 0.336953
v 0.013460 0.007161 0.332033
v 0.013421 0.006985 0.331781
v 0.013407 0.006922 0.331480
v 0.021354 0.007163 0.332035
v 0.021393 0.006987 0.331783
v 0.021407 0.006924 0.331482
v 0.013520 0.007419 0.325911
v 0.014407 0.011420 0.327365
v 0.021298 0.007421 0.325913
v 0.020407 0.011422 0.327366
v 0.014407 0.011421 0.329050
v 0.020407 0.011423 0.329052
v 0.013519 0.007422 0.330508
v 0.021296 0.007424 0.330511
v 0.013407 0.006922 0.331223
v 0.021407 0.006924 0.331225
v 0.021394 0.006986 0.330924
v 0.013421 0.006984 0.330922
v 0.021354 0.007162 0.330672
v 0.013460 0.007160 0.330670
v 0.013409 0.006918 0.325197
v 0.013423 0.006981 0.325498
v 0.013462 0.007157 0.325750
v 0.021356 0.007159 0.325752
v 0.021395 0.006983 0.325500
v 0.021409 0.006920 0.325199
v 0.013522 0.007415 0.319628
v 0.014409 0.011416 0.321081
v 0.021299 0.007417 0.319630
v 0.020409 0.011418 0.321083
v 0.014409 0.011417 0.322767
v 0.020409 0.011419 0.322769
v 0.013520 0.007418 0.324225
v 0.021298 0.007420 0.324227
v 0.013409 0.006918 0.324940
v 0.021409 0.006920 0.324942
v 0.021395 0.006982 0.324641
v 0.013423 0.006980 0.324639
v 0.021356 0.007158 0.324389
v 0.013462 0.007156 0.324387
v 0.013464 0.007153 0.319467
v 0.013424 0.006977 0.319215
v 0.013411 0.006915 0.318914
v 0.021358 0.007155 0.319469
v 0.021397 0.006979 0.319217
v 0.021411 0.006917 0.318916
v 0.013523 0.007411 0.313345
v 0.014411 0.011412 0.314798
v 0.021301 0.007413 0.313347
v 0.020411 0.011414 0.314800
v 0.014410 0.011413 0.316484
v 0.020410 0.011415 0.316486
v 0.013522 0.007414 0.317942
v 0.021300 0.007416 0.317944
v 0.013411 0.006915 0.318657
v 0.021411 0.006916 0.318659
v 0.021397 0.006978 0.318358
v 0.013425 0.006976 0.318355
v 0.021358 0.007155 0.318106
v 0.013464 0.007153 0.318104
v 0.013426 0.006973 0.312932
v 0.013412 0.006911 0.312631
v 0.013465 0.007150 0.313183
v 0.021359 0.007152 0.313186
v 0.021399 0.006975 0.312934
v 0.021412 0.006913 0.312633
v 0.013525 0.007408 0.307061
v 0.014413 0.011409 0.308515
v 0.021303 0.007409 0.307064
v 0.020413 0.011410 0.308517
v 0.014412 0.011410 0.310201
v 0.020412 0.011411 0.310202
v 0.013524 0.007410 0.311659
v 0.021302 0.007412 0.311661
v 0.013413 0.006911 0.312373
v 0.021413 0.006913 0.312375
v 0.021399 0.006975 0.312074
v 0.013426 0.006973 0.312072
v 0.021360 0.007151 0.311823
v 0.013466 0.007149 0.311820
v 0.013467 0.007146 0.306900
v 0.013428 0.006969 0.306649
v 0.013414 0.006907 0.306348
v 0.021361 0.007148 0.306902
v 0.021400 0.006971 0.306651
v 0.021414 0.006909 0.306350
v 0.013527 0.007404 0.300778
v 0.014414 0.011405 0.302232
v 0.021304 0.007406 0.300780
v 0.020414 0.011406 0.302234
v 0.014414 0.011406 0.303918
v 0.020414 0.011407 0.303919
v 0.013525 0.007407 0.305376
v 0.021303 0.007408 0.305378
v 0.013414 0.006907 0.306090
v 0.021414 0.006909 0.306092
v 0.021401 0.006971 0.305791
v 0.013428 0.006969 0.305789
v 0.021361 0.007147 0.305539
v 0.013467 0.007145 0.305537
v 0.013416 0.006903 0.300064
v 0.013430 0.006966 0.300365
v 0.013469 0.007142 0.300617
v 0.021363 0.007144 0.300619
v 0.021402 0.006968 0.300368
v 0.021416 0.006905 0.300067
v 0.013528 0.007400 0.294495
v 0.014416 0.011401 0.295949
v 0.021306 0.007402 0.294497
v 0.020416 0.011402 0.295950
v 0.014416 0.011402 0.297634
v 0.020415 0.011403 0.297636
v 0.013527 0.007403 0.299093
v 0.021305 0.007405 0.299095
v 0.013416 0.006903 0.299807
v 0.021416 0.006905 0.299809
v 0.021402 0.006967 0.299508
v 0.013430 0.006965 0.299506
v 0.021363 0.007143 0.299256
v 0.013469 0.007141 0.299254
v 0.013431 0.006962 0.294082
v 0.013418 0.006899 0.293781
v 0.013470 0.007138 0.294334
v 0.021364 0.007140 0.294336
v 0.021404 0.006964 0.294084
v 0.021418 0.006901 0.293783
v 0.013530 0.007396 0.288212
v 0.014418 0.011397 0.289666
v 0.021308 0.007398 0.288214
v 0.020418 0.011399 0.289667
v 0.014417 0.011398 0.291351
v 0.020417 0.011400 0.291353
v 0.013529 0.007399 0.292809
v 0.021307 0.007401 0.292811
v 0.013418 0.006899 0.293524
v 0.021418 0.006901 0.293526
v 0.021404 0.006963 0.293225
v 0.013432 0.006961 0.293223
v 0.021365 0.007139 0.292973
v 0.013471 0.007137 0.292971
v 0.013419 0.006896 0.287498
v 0.013433 0.006958 0.287799
v 0.013472 0.007134 0.288051
v 0.021366 0.007136 0.288053
v 0.021405 0.006960 0.287801
v 0.021419 0.006898 0.287500
v 0.013532 0.007392 0.281929
v 0.014419 0.011393 0.283382
v 0.021310 0.007394 0.281931
v 0.020419 0.011395 0.283384
v 0.014419 0.011394 0.285068
v 0.020419 0.011396 0.285070
v 0.013531 0.007395 0.286526
v 0.021308 0.007397 0.286528
v 0.013419 0.006895 0.287241
v 0.021419 0.006897 0.287243
v 0.021406 0.006959 0.286942
v 0.013433 0.006957 0.286940
v 0.021367 0.007136 0.286690
v 0.013473 0.007134 0.286688
v 0.013421 0.006892 0.281215
v 0.013435 0.006954 0.281516
v 0.013474 0.007131 0.281767
v 0.021368 0.007133 0.281770
v 0.021407 0.006956 0.281518
v 0.021421 0.006894 0.281217
v 0.013534 0.007388 0.275646
v 0.014421 0.011389 0.277099
v 0.021311 0.007390 0.275648
v 0.020421 0.011391 0.277101
v 0.014421 0.011391 0.278785
v 0.020421 0.011392 0.278787
v 0.013532 0.007391 0.280243
v 0.021310 0.007393 0.280245
v 0.013421 0.006892 0.280957
v 0.021421 0.006894 0.280960
v 0.021407 0.006956 0.280659
v 0.013435 0.006954 0.280656
v 0.021368 0.007132 0.280407
v 0.013474 0.007130 0.280404
v 0.013437 0.006950 0.275233
v 0.013423 0.006888 0.274932
v 0.013476 0.007127 0.275484
v 0.021370 0.007129 0.275486
v 0.021409 0.006952 0.275235
v 0.021423 0.006890 0.274934
v 0.013535 0.007385 0.269362
v 0.014423 0.011386 0.270816
v 0.021313 0.007387 0.269364
v 0.020423 0.011387 0.270818
v 0.014422 0.011387 0.272502
v 0.020422 0.011388 0.272503
v 0.013534 0.007387 0.273960
v 0.021312 0.007389 0.273962
v 0.013423 0.006888 0.274674
v 0.021423 0.006890 0.274676
v 0.021409 0.006952 0.274375
v 0.013437 0.006950 0.274373
v 0.021370 0.007128 0.274123
v 0.013476 0.007126 0.274121
v 0.013425 0.006884 0.268648
v 0.013438 0.006946 0.268949
v 0.013477 0.007123 0.269201
v 0.021371 0.007125 0.269203
v 0.021411 0.006948 0.268952
v 0.021425 0.006886 0.268651
v 0.013537 0.007381 0.263079
v 0.014425 0.011382 0.264533
v 0.021315 0.007383 0.263081
v 0.020425 0.011383 0.264534
v 0.014424 0.011383 0.266219
v 0.020424 0.011384 0.266220
v 0.013536 0.007384 0.267677
v 0.021314 0.007386 0.267679
v 0.013425 0.006884 0.268391
v 0.021425 0.006886 0.268393
v 0.021411 0.006948 0.268092
v 0.013439 0.006946 0.268090
v 0.021372 0.007124 0.267840
v 0.013478 0.007122 0.267838
v 0.013479 0.007119 0.262918
v 0.013440 0.006943 0.262666
v 0.013426 0.006880 0.262365
v 0.021373 0.007121 0.262920
v 0.021412 0.006945 0.262668
v 0.021426 0.006882 0.262367
v 0.014426 0.011379 0.259935
v 0.020426 0.011381 0.259937
v 0.014426 0.011378 0.258250
v 0.020426 0.011380 0.258251
v 0.013538 0.007380 0.261393
v 0.021315 0.007382 0.261396
v 0.013426 0.006880 0.262108
v 0.021426 0.006882 0.262110
v 0.021413 0.006944 0.261809
v 0.013440 0.006942 0.261807
v 0.021373 0.007120 0.261557
v 0.013479 0.007118 0.261555
v 0.013450 0.006975 0.256455
v 0.013428 0.006876 0.256082
v 0.013511 0.007250 0.256736
v 0.013539 0.007377 0.256796
v 0.021317 0.007379 0.256798
v 0.021389 0.007054 0.256570
v 0.021425 0.006891 0.256219
v 0.021428 0.006878 0.256084
v 0.013541 0.007373 0.250513
v 0.014428 0.011374 0.251966
v 0.021318 0.007375 0.250515
v 0.020428 0.011376 0.251968
v 0.014428 0.011375 0.253652
v 0.020428 0.011377 0.253654
v 0.013539 0.007376 0.255110
v 0.021317 0.007378 0.255112
v 0.013428 0.006876 0.255825
v 0.021428 0.006878 0.255827
v 0.021414 0.006940 0.255526
v 0.013442 0.006938 0.255524
v 0.021375 0.007116 0.255274
v 0.013481 0.007114 0.255272
v 0.013483 0.007111 0.250352
v 0.013443 0.006935 0.250100
v 0.013430 0.006873 0.249799
v 0.021377 0.007113 0.250354
v 0.021416 0.006937 0.250102
v 0.021430 0.006875 0.249801
v 0.014429 0.011371 0.247369
v 0.020429 0.011373 0.247371
v 0.014430 0.011370 0.245683
v 0.020430 0.011372 0.245685
v 0.013541 0.007372 0.248827
v 0.021319 0.007374 0.248829
v 0.013430 0.006872 0.249541
v 0.021430 0.006874 0.249544
v 0.021416 0.006936 0.249243
v 0.013444 0.006934 0.249240
v 0.021377 0.007113 0.248991
v 0.013483 0.007111 0.248989
v 0.013453 0.006967 0.243889
v 0.013431 0.006869 0.243516
v 0.013514 0.007242 0.244170
v 0.013542 0.007369 0.244230
v 0.021320 0.007371 0.244232
v 0.021392 0.007047 0.244004
v 0.021429 0.006883 0.243652
v 0.021431 0.006871 0.243518
v 0.013544 0.007366 0.237946
v 0.014431 0.011367 0.239400
v 0.021322 0.007367 0.237949
v 0.020431 0.011368 0.239402
v 0.014431 0.011368 0.241086
v 0.020431 0.011369 0.241087
v 0.013543 0.007368 0.242544
v 0.021320 0.007370 0.242546
v 0.013471 0.007044 0.242772
v 0.013433 0.006865 0.237233
v 0.013434 0.006881 0.243124
v 0.013432 0.006869 0.243258
v 0.013486 0.007104 0.237785
v 0.013447 0.006927 0.237534
v 0.021380 0.007106 0.237787
v 0.021419 0.006929 0.237536
v 0.021433 0.006867 0.237235
v 0.021410 0.006968 0.242887
v 0.021432 0.006871 0.243260
v 0.021349 0.007243 0.242606
v 0.014433 0.011364 0.234803
v 0.020433 0.011365 0.234804
v 0.014433 0.011363 0.233117
v 0.020433 0.011364 0.233119
v 0.013544 0.007365 0.236261
v 0.021322 0.007366 0.236263
v 0.013433 0.006865 0.236975
v 0.021433 0.006867 0.236977
v 0.021420 0.006929 0.236676
v 0.013447 0.006927 0.236674
v 0.021380 0.007105 0.236424
v 0.013486 0.007103 0.236422
v 0.013457 0.006959 0.231322
v 0.013435 0.006861 0.230949
v 0.013518 0.007235 0.231603
v 0.013546 0.007362 0.231663
v 0.021323 0.007364 0.231665
v 0.021396 0.007039 0.231438
v 0.021432 0.006875 0.231086
v 0.021435 0.006863 0.230952
v 0.014434 0.011360 0.228519
v 0.020434 0.011361 0.228521
v 0.014435 0.011359 0.226834
v 0.020435 0.011360 0.226835
v 0.013546 0.007361 0.229977
v 0.021324 0.007363 0.229980
v 0.013458 0.006956 0.225039
v 0.013437 0.006857 0.224666
v 0.013435 0.006861 0.230692
v 0.013438 0.006873 0.230557
v 0.013474 0.007037 0.230206
v 0.013519 0.007231 0.225320
v 0.013547 0.007358 0.225380
v 0.021325 0.007360 0.225382
v 0.021413 0.006961 0.230321
v 0.021435 0.006863 0.230694
v 0.021437 0.006859 0.224668
v 0.021434 0.006871 0.224803
v 0.021397 0.007035 0.225154
v 0.021352 0.007236 0.230040
v 0.013549 0.007354 0.219097
v 0.014437 0.011355 0.220551
v 0.021327 0.007356 0.219099
v 0.020437 0.011357 0.220552
v 0.014436 0.011356 0.222236
v 0.020436 0.011358 0.222238
v 0.013548 0.007357 0.223694
v 0.021326 0.007359 0.223696
v 0.013437 0.006857 0.224409
v 0.021437 0.006859 0.224411
v 0.021423 0.006921 0.224110
v 0.013451 0.006919 0.224108
v 0.021384 0.007097 0.223858
v 0.013490 0.007095 0.223856
v 0.013452 0.006916 0.218684
v 0.013438 0.006854 0.218383
v 0.013491 0.007092 0.218936
v 0.021385 0.007094 0.218938
v 0.021424 0.006918 0.218686
v 0.021438 0.006856 0.218385
v 0.014438 0.011352 0.215953
v 0.013550 0.007353 0.217411
v 0.020438 0.011354 0.215955
v 0.021327 0.007355 0.217413
v 0.013478 0.007029 0.217639
v 0.013440 0.006850 0.212100
v 0.013441 0.006865 0.217991
v 0.013438 0.006853 0.218126
v 0.014438 0.011351 0.214267
v 0.013551 0.007350 0.212814
v 0.013493 0.007089 0.212652
v 0.013454 0.006912 0.212401
v 0.013553 0.007346 0.206531
v 0.014440 0.011347 0.207984
v 0.021330 0.007348 0.206533
v 0.020440 0.011349 0.207986
v 0.014440 0.011349 0.209670
v 0.020440 0.011350 0.209672
v 0.013551 0.007349 0.211128
v 0.021329 0.007351 0.211130
v 0.013479 0.007025 0.211356
v 0.013442 0.006846 0.205817
v 0.013443 0.006861 0.211708
v 0.013440 0.006850 0.211842
v 0.013495 0.007085 0.206369
v 0.013456 0.006908 0.206118
v 0.021389 0.007087 0.206371
v 0.021428 0.006910 0.206120
v 0.021442 0.006848 0.205819
v 0.021418 0.006949 0.211471
v 0.021440 0.006852 0.211845
v 0.021357 0.007224 0.211190
v 0.013554 0.007343 0.200247
v 0.014442 0.011344 0.201701
v 0.021332 0.007345 0.200249
v 0.020442 0.011345 0.201703
v 0.014441 0.011345 0.203387
v 0.020441 0.011346 0.203388
v 0.013553 0.007345 0.204845
v 0.021331 0.007347 0.204847
v 0.013481 0.007021 0.205073
v 0.013444 0.006842 0.199533
v 0.013445 0.006858 0.205425
v 0.013442 0.006846 0.205559
v 0.013496 0.007081 0.200086
v 0.013457 0.006904 0.199834
v 0.021390 0.007083 0.200088
v 0.021430 0.006906 0.199837
v 0.021444 0.006844 0.199536
v 0.021420 0.006945 0.205188
v 0.021442 0.006848 0.205561
v 0.021359 0.007220 0.204907
v 0.013556 0.007339 0.193964
v 0.014444 0.011340 0.195418
v 0.021334 0.007341 0.193966
v 0.020444 0.011341 0.195419
v 0.014443 0.011341 0.197104
v 0.020443 0.011342 0.197105
v 0.013555 0.007342 0.198562
v 0.021333 0.007344 0.198564
v 0.013483 0.007017 0.198790
v 0.013445 0.006838 0.193250
v 0.013446 0.006854 0.199141
v 0.013444 0.006842 0.199276
v 0.013498 0.007077 0.193803
v 0.013459 0.006901 0.193551
v 0.021392 0.007079 0.193805
v 0.021431 0.006903 0.193553
v 0.021445 0.006840 0.193252
v 0.021422 0.006942 0.198905
v 0.021444 0.006844 0.199278
v 0.021361 0.007217 0.198624
v 0.013558 0.007335 0.187681
v 0.014445 0.011336 0.189135
v 0.021336 0.007337 0.187683
v 0.020445 0.011338 0.189136
v 0.014445 0.011337 0.190820
v 0.020445 0.011339 0.190822
v 0.013557 0.007338 0.192278
v 0.021334 0.007340 0.192281
v 0.013445 0.006838 0.192993
v 0.021445 0.006840 0.192995
v 0.021432 0.006902 0.192694
v 0.013459 0.006900 0.192692
v 0.021392 0.007078 0.192442
v 0.013498 0.007076 0.192440
v 0.013461 0.006897 0.187268
v 0.013447 0.006834 0.186967
v 0.013500 0.007073 0.187520
v 0.021394 0.007075 0.187522
v 0.021433 0.006899 0.187270
v 0.021447 0.006836 0.186969
v 0.013560 0.007331 0.181398
v 0.014447 0.011332 0.182851
v 0.021337 0.007333 0.181400
v 0.020447 0.011334 0.182853
v 0.014447 0.011333 0.184537
v 0.020447 0.011335 0.184539
v 0.013558 0.007334 0.185995
v 0.021336 0.007336 0.185997
v 0.013486 0.007010 0.186223
v 0.013449 0.006831 0.180684
v 0.013450 0.006846 0.186575
v 0.013447 0.006834 0.186710
v 0.013501 0.007069 0.181237
v 0.013462 0.006893 0.180985
v 0.021396 0.007071 0.181239
v 0.021435 0.006895 0.180987
v 0.021449 0.006833 0.180686
v 0.021425 0.006934 0.186339
v 0.021447 0.006836 0.186712
v 0.021364 0.007209 0.186057
v 0.013561 0.007327 0.175115
v 0.014449 0.011328 0.176568
v 0.021339 0.007329 0.175117
v 0.020449 0.011330 0.176570
v 0.014448 0.011329 0.178254
v 0.020448 0.011331 0.178256
v 0.013560 0.007330 0.179712
v 0.021338 0.007332 0.179714
v 0.013449 0.006830 0.180426
v 0.021449 0.006832 0.180429
v 0.021435 0.006894 0.180128
v 0.013463 0.006892 0.180125
v 0.021396 0.007071 0.179876
v 0.013502 0.007069 0.179874
v 0.013503 0.007066 0.174953
v 0.013464 0.006889 0.174702
v 0.013450 0.006827 0.174401
v 0.021397 0.007068 0.174956
v 0.021437 0.006891 0.174704
v 0.021450 0.006829 0.174403
v 0.013563 0.007324 0.168831
v 0.014450 0.011325 0.170285
v 0.021341 0.007325 0.168834
v 0.020450 0.011326 0.170287
v 0.014450 0.011326 0.171971
v 0.020450 0.011327 0.171972
v 0.013562 0.007326 0.173429
v 0.021339 0.007328 0.173431
v 0.013490 0.007002 0.173657
v 0.013452 0.006823 0.168118
v 0.013453 0.006839 0.174009
v 0.013451 0.006827 0.174143
v 0.013505 0.007062 0.168670
v 0.013466 0.006885 0.168418
v 0.021399 0.007064 0.168672
v 0.021438 0.006887 0.168421
v 0.021452 0.006825 0.168120
v 0.021429 0.006926 0.173772
v 0.021451 0.006829 0.174145
v 0.021368 0.007201 0.173491
v 0.013565 0.007320 0.162548
v 0.014452 0.011321 0.164002
v 0.021342 0.007322 0.162550
v 0.020452 0.011322 0.164004
v 0.014452 0.011322 0.165688
v 0.020452 0.011323 0.165689
v 0.013563 0.007323 0.167146
v 0.021341 0.007324 0.167148
v 0.013452 0.006823 0.167860
v 0.021452 0.006825 0.167862
v 0.021438 0.006887 0.167561
v 0.013466 0.006885 0.167559
v 0.021399 0.007063 0.167309
v 0.013505 0.007061 0.167307
v 0.013454 0.006819 0.161834
v 0.013468 0.006882 0.162135
v 0.013507 0.007058 0.162387
v 0.021401 0.007060 0.162389
v 0.021440 0.006883 0.162137
v 0.021454 0.006821 0.161837
v 0.013566 0.007316 0.156265
v 0.014454 0.011317 0.157719
v 0.021344 0.007318 0.156267
v 0.020454 0.011318 0.157720
v 0.014453 0.011318 0.159404
v 0.020453 0.011319 0.159406
v 0.013565 0.007319 0.160862
v 0.021343 0.007321 0.160865
v 0.013493 0.006994 0.161091
v 0.013456 0.006815 0.155551
v 0.013457 0.006831 0.161442
v 0.013454 0.006819 0.161577
v 0.013508 0.007054 0.156104
v 0.013469 0.006878 0.155852
v 0.021402 0.007056 0.156106
v 0.021442 0.006880 0.155854
v 0.021456 0.006817 0.155553
v 0.021432 0.006919 0.161206
v 0.021454 0.006821 0.161579
v 0.021371 0.007194 0.160925
v 0.013568 0.007312 0.149982
v 0.014456 0.011313 0.151436
v 0.021346 0.007314 0.149984
v 0.020456 0.011315 0.151437
v 0.014455 0.011314 0.153121
v 0.020455 0.011316 0.153123
v 0.013567 0.007315 0.154579
v 0.021345 0.007317 0.154581
v 0.013456 0.006815 0.155294
v 0.021456 0.006817 0.155296
v 0.021442 0.006879 0.154995
v 0.013470 0.006877 0.154993
v 0.021403 0.007055 0.154743
v 0.013509 0.007053 0.154741
v 0.013457 0.006812 0.149268
v 0.013471 0.006874 0.149569
v 0.013510 0.007050 0.149821
v 0.021404 0.007052 0.149823
v 0.021443 0.006876 0.149571
v 0.021457 0.006814 0.149270
v 0.013570 0.007308 0.143699
v 0.014457 0.011309 0.145152
v 0.021348 0.007310 0.143701
v 0.020457 0.011311 0.145154
v 0.014457 0.011310 0.146838
v 0.020457 0.011312 0.146840
v 0.013569 0.007311 0.148296
v 0.021346 0.007313 0.148298
v 0.013497 0.006987 0.148524
v 0.013459 0.006808 0.142985
v 0.013460 0.006823 0.148876
v 0.013457 0.006811 0.149011
v 0.013512 0.007047 0.143537
v 0.013473 0.006870 0.143286
v 0.021406 0.007048 0.143540
v 0.021445 0.006872 0.143288
v 0.021459 0.006810 0.142987
v 0.021436 0.006911 0.148640
v 0.021457 0.006813 0.149013
v 0.021375 0.007186 0.148358
v 0.013572 0.007304 0.137415
v 0.014459 0.011305 0.138869
v 0.021349 0.007306 0.137418
v 0.020459 0.011307 0.138871
v 0.014459 0.011306 0.140555
v 0.020459 0.011308 0.140556
v 0.013570 0.007307 0.142013
v 0.021348 0.007309 0.142015
v 0.013498 0.006983 0.142241
v 0.013461 0.006804 0.136702
v 0.013462 0.006819 0.142593
v 0.013459 0.006808 0.142727
v 0.013514 0.007043 0.137254
v 0.013475 0.006866 0.137003
v 0.021408 0.007045 0.137256
v 0.021447 0.006868 0.137005
v 0.021461 0.006806 0.136704
v 0.021437 0.006907 0.142356
v 0.021459 0.006810 0.142730
v 0.021376 0.007182 0.142075
v 0.013573 0.007301 0.131132
v 0.014461 0.011302 0.132586
v 0.021351 0.007303 0.131134
v 0.020461 0.011303 0.132588
v 0.014460 0.011303 0.134272
v 0.020460 0.011304 0.134273
v 0.013572 0.007303 0.135730
v 0.021350 0.007305 0.135732
v 0.013500 0.006979 0.135958
v 0.013463 0.006800 0.130418
v 0.013464 0.006816 0.136310
v 0.013461 0.006804 0.136444
v 0.013515 0.007039 0.130971
v 0.013476 0.006862 0.130719
v 0.021409 0.007041 0.130973
v 0.021449 0.006864 0.130722
v 0.021463 0.006802 0.130421
v 0.021439 0.006903 0.136073
v 0.021461 0.006806 0.136446
v 0.021378 0.007178 0.135792
v 0.013575 0.007297 0.124849
v 0.014463 0.011298 0.126303
v 0.021353 0.007299 0.124851
v 0.020463 0.011299 0.126304
v 0.014462 0.011299 0.127988
v 0.020462 0.011300 0.127990
v 0.013574 0.007300 0.129447
v 0.021352 0.007302 0.129449
v 0.013463 0.006800 0.130161
v 0.021463 0.006802 0.130163
v 0.021449 0.006864 0.129862
v 0.013476 0.006862 0.129860
v 0.021410 0.007040 0.129610
v 0.013516 0.007038 0.129608
v 0.013478 0.006859 0.124436
v 0.013464 0.006796 0.124135
v 0.013517 0.007035 0.124688
v 0.021411 0.007037 0.124690
v 0.021450 0.006861 0.124438
v 0.021464 0.006798 0.124137
v 0.013577 0.007293 0.118566
v 0.014464 0.011294 0.120020
v 0.021355 0.007295 0.118568
v 0.020464 0.011295 0.120021
v 0.014464 0.011295 0.121705
v 0.020464 0.011297 0.121707
v 0.013576 0.007296 0.123163
v 0.021353 0.007298 0.123165
v 0.013464 0.006796 0.123878
v 0.021464 0.006798 0.123880
v 0.021451 0.006860 0.123579
v 0.013478 0.006858 0.123577
v 0.021411 0.007036 0.123327
v 0.013517 0.007034 0.123325
v 0.013480 0.006855 0.118153
v 0.013466 0.006792 0.117852
v 0.013519 0.007031 0.118405
v 0.021413 0.007033 0.118407
v 0.021452 0.006857 0.118155
v 0.021466 0.006794 0.117854
v 0.013579 0.007289 0.112283
v 0.014466 0.011290 0.113736
v 0.021356 0.007291 0.112285
v 0.020466 0.011292 0.113738
v 0.014466 0.011291 0.115422
v 0.020466 0.011293 0.115424
v 0.013577 0.007292 0.116880
v 0.021355 0.007294 0.116882
v 0.013466 0.006792 0.117595
v 0.021466 0.006794 0.117597
v 0.021452 0.006856 0.117296
v 0.013480 0.006854 0.117294
v 0.021413 0.007032 0.117044
v 0.013519 0.007030 0.117042
v 0.013481 0.006851 0.111870
v 0.013468 0.006789 0.111569
v 0.013520 0.007027 0.112122
v 0.021415 0.007029 0.112124
v 0.021454 0.006853 0.111872
v 0.021468 0.006791 0.111571
v 0.013580 0.007285 0.106000
v 0.014468 0.011286 0.107453
v 0.021358 0.007287 0.106002
v 0.020468 0.011288 0.107455
v 0.014467 0.011287 0.109139
v 0.020467 0.011289 0.109141
v 0.013579 0.007288 0.110597
v 0.021357 0.007290 0.110599
v 0.013468 0.006788 0.111311
v 0.021468 0.006790 0.111314
v 0.021454 0.006852 0.111013
v 0.013482 0.006850 0.111010
v 0.021415 0.007029 0.110761
v 0.013521 0.007027 0.110758
v 0.013522 0.007024 0.105838
v 0.013483 0.006847 0.105587
v 0.013469 0.006785 0.105286
v 0.021416 0.007026 0.105840
v 0.021456 0.006849 0.105589
v 0.021469 0.006787 0.105288
v 0.013582 0.007282 0.099716
v 0.014469 0.011283 0.101170
v 0.021360 0.007283 0.099719
v 0.020469 0.011284 0.101172
v 0.014469 0.011284 0.102856
v 0.020469 0.011285 0.102857
v 0.013581 0.007284 0.104314
v 0.021358 0.007286 0.104316
v 0.013469 0.006785 0.105028
v 0.021469 0.006787 0.105030
v 0.021456 0.006849 0.104729
v 0.013483 0.006847 0.104727
v 0.021417 0.007025 0.104477
v 0.013523 0.007023 0.104475
v 0.013471 0.006781 0.099002
v 0.013485 0.006843 0.099303
v 0.013524 0.007020 0.099555
v 0.021418 0.007022 0.099557
v 0.021457 0.006845 0.099306
v 0.021471 0.006783 0.099005
v 0.013584 0.007278 0.093433
v 0.014471 0.011279 0.094887
v 0.021361 0.007280 0.093435
v 0.020471 0.011280 0.094889
v 0.014471 0.011280 0.096573
v 0.020471 0.011281 0.096574
v 0.013582 0.007280 0.098031
v 0.021360 0.007282 0.098033
v 0.013471 0.006781 0.098745
v 0.021471 0.006783 0.098747
v 0.021457 0.006845 0.098446
v 0.013485 0.006843 0.098444
v 0.021418 0.007021 0.098194
v 0.013524 0.007019 0.098192
v 0.013487 0.006840 0.093020
v 0.013473 0.006777 0.092719
v 0.013526 0.007016 0.093272
v 0.021420 0.007018 0.093274
v 0.021459 0.006841 0.093022
v 0.021473 0.006779 0.092721
v 0.013585 0.007274 0.087150
v 0.014473 0.011275 0.088604
v 0.021363 0.007276 0.087152
v 0.020473 0.011276 0.088605
v 0.014472 0.011276 0.090289
v 0.020472 0.011277 0.090291
v 0.013584 0.007277 0.091747
v 0.021362 0.007279 0.091750
v 0.013473 0.006777 0.092462
v 0.021473 0.006779 0.092464
v 0.021459 0.006841 0.092163
v 0.013487 0.006839 0.092161
v 0.021420 0.007017 0.091911
v 0.013526 0.007015 0.091909
v 0.013527 0.007012 0.086989
v 0.013488 0.006836 0.086737
v 0.013475 0.006773 0.086436
v 0.021421 0.007014 0.086991
v 0.021461 0.006838 0.086739
v 0.021475 0.006775 0.086438
v 0.013587 0.007270 0.080867
v 0.014475 0.011271 0.082320
v 0.021365 0.007272 0.080869
v 0.020475 0.011273 0.082322
v 0.014474 0.011272 0.084006
v 0.020474 0.011274 0.084008
v 0.013586 0.007273 0.085464
v 0.021364 0.007275 0.085466
v 0.013475 0.006773 0.086179
v 0.021475 0.006775 0.086181
v 0.021461 0.006837 0.085880
v 0.013489 0.006835 0.085878
v 0.021422 0.007013 0.085628
v 0.013528 0.007011 0.085626
v 0.013476 0.006770 0.080153
v 0.013490 0.006832 0.080454
v 0.013529 0.007008 0.080706
v 0.021423 0.007010 0.080708
v 0.021462 0.006834 0.080456
v 0.021476 0.006772 0.080155
v 0.013589 0.007266 0.074584
v 0.014476 0.011267 0.076037
v 0.021367 0.007268 0.074586
v 0.020476 0.011269 0.076039
v 0.014476 0.011268 0.077723
v 0.020476 0.011270 0.077725
v 0.013588 0.007269 0.079181
v 0.021365 0.007271 0.079183
v 0.013476 0.006769 0.079896
v 0.021476 0.006771 0.079898
v 0.021463 0.006833 0.079597
v 0.013490 0.006831 0.079594
v 0.021424 0.007009 0.079345
v 0.013529 0.007007 0.079343
v 0.013492 0.006828 0.074171
v 0.013478 0.006766 0.073870
v 0.013531 0.007005 0.074422
v 0.021425 0.007006 0.074425
v 0.021464 0.006830 0.074173
v 0.021478 0.006768 0.073872
v 0.013591 0.007262 0.068300
v 0.014478 0.011263 0.069754
v 0.021368 0.007264 0.068303
v 0.020478 0.011265 0.069756
v 0.014478 0.011264 0.071440
v 0.020478 0.011266 0.071441
v 0.013589 0.007265 0.072898
v 0.021367 0.007267 0.072900
v 0.013478 0.006766 0.073612
v 0.021478 0.006768 0.073615
v 0.021464 0.006829 0.073313
v 0.013492 0.006828 0.073311
v 0.021425 0.007006 0.073062
v 0.013531 0.007004 0.073059
v 0.013480 0.006762 0.067587
v 0.013493 0.006824 0.067888
v 0.013533 0.007001 0.068139
v 0.021427 0.007003 0.068141
v 0.021466 0.006826 0.067890
v 0.021480 0.006764 0.067589
v 0.013592 0.007259 0.062017
v 0.014480 0.011260 0.063471
v 0.021370 0.007261 0.062019
v 0.020480 0.011261 0.063473
v 0.014479 0.011261 0.065157
v 0.020479 0.011262 0.065158
v 0.013591 0.007261 0.066615
v 0.021369 0.007263 0.066617
v 0.013480 0.006762 0.067329
v 0.021480 0.006764 0.067331
v 0.021466 0.006826 0.067030
v 0.013494 0.006824 0.067028
v 0.021427 0.007002 0.066778
v 0.013533 0.007000 0.066776
v 0.013534 0.006997 0.061856
v 0.013495 0.006820 0.061604
v 0.013482 0.006758 0.061303
v 0.021428 0.006999 0.061858
v 0.021468 0.006822 0.061607
v 0.021482 0.006760 0.061306
v 0.013594 0.007255 0.055734
v 0.014482 0.011256 0.057188
v 0.021372 0.007257 0.055736
v 0.020482 0.011257 0.057189
v 0.014481 0.011257 0.058873
v 0.020481 0.011258 0.058875
v 0.013593 0.007258 0.060332
v 0.021371 0.007259 0.060334
v 0.013482 0.006758 0.061046
v 0.021482 0.006760 0.061048
v 0.021468 0.006822 0.060747
v 0.013495 0.006820 0.060745
v 0.021429 0.006998 0.060495
v 0.013535 0.006996 0.060493
v 0.013497 0.006817 0.055321
v 0.013483 0.006754 0.055020
v 0.013536 0.006993 0.055573
v 0.021430 0.006995 0.055575
v 0.021469 0.006819 0.055323
v 0.021483 0.006756 0.055022
v 0.014483 0.011253 0.052590
v 0.020483 0.011255 0.052592
v 0.014483 0.011252 0.050905
v 0.020483 0.011253 0.050906
v 0.013594 0.007254 0.054048
v 0.021372 0.007256 0.054050
v 0.013483 0.006754 0.054763
v 0.021483 0.006756 0.054765
v 0.021470 0.006818 0.054464
v 0.013497 0.006816 0.054462
v 0.021430 0.006994 0.054212
v 0.013536 0.006992 0.054210
v 0.013507 0.006849 0.049110
v 0.013485 0.006750 0.048737
v 0.013568 0.007124 0.049391
v 0.013596 0.007251 0.049451
v 0.021374 0.007253 0.049453
v 0.021446 0.006928 0.049225
v 0.021482 0.006764 0.048874
v 0.021485 0.006752 0.048739
v 0.013597 0.007247 0.043168
v 0.014485 0.011248 0.044621
v 0.021375 0.007249 0.043170
v 0.020485 0.011250 0.044623
v 0.014485 0.011249 0.046307
v 0.020485 0.011251 0.046309
v 0.013596 0.007250 0.047765
v 0.021374 0.007252 0.047767
v 0.013485 0.006750 0.048480
v 0.021485 0.006752 0.048482
v 0.021471 0.006814 0.048181
v 0.013499 0.006812 0.048179
v 0.021432 0.006990 0.047929
v 0.013538 0.006988 0.047927
v 0.013500 0.006809 0.042755
v 0.013487 0.006747 0.042454
v 0.013539 0.006985 0.043006
v 0.021433 0.006987 0.043009
v 0.021473 0.006811 0.042757
v 0.021487 0.006749 0.042456
v 0.013541 0.006982 0.036723
v 0.013502 0.006805 0.036472
v 0.013501 0.006808 0.041895
v 0.013488 0.006743 0.036171
v 0.013487 0.006746 0.042196
v 0.013598 0.007246 0.041482
v 0.014486 0.011245 0.040024
v 0.014487 0.011244 0.038338
v 0.013540 0.006985 0.041643
v 0.013599 0.007243 0.036885
v 0.021377 0.007245 0.036887
v 0.021435 0.006984 0.036725
v 0.021474 0.006807 0.036474
v 0.021488 0.006745 0.036173
v 0.020487 0.011246 0.038340
v 0.020486 0.011247 0.040026
v 0.021376 0.007248 0.041484
v 0.021487 0.006748 0.042199
v 0.021473 0.006810 0.041898
v 0.021434 0.006987 0.041646
v 0.022735 0.006753 0.048611
v 0.022609 0.007032 0.508578
v 0.022611 0.007028 0.501000
v 0.022733 0.006756 0.054894
v 0.022732 0.006760 0.061177
v 0.022730 0.006764 0.067460
v 0.022726 0.006772 0.080027
v 0.022725 0.006776 0.086310
v 0.022723 0.006779 0.092593
v 0.022721 0.006783 0.098876
v 0.022718 0.006791 0.111443
v 0.022716 0.006795 0.117726
v 0.022714 0.006798 0.124009
v 0.022713 0.006802 0.130292
v 0.022711 0.006806 0.136575
v 0.022709 0.006810 0.142859
v 0.022707 0.006814 0.149142
v 0.022706 0.006818 0.155425
v 0.022702 0.006825 0.167991
v 0.022700 0.006829 0.174275
v 0.022699 0.006833 0.180558
v 0.022697 0.006837 0.186841
v 0.022694 0.006844 0.199407
v 0.022692 0.006848 0.205690
v 0.022690 0.006852 0.211974
v 0.022688 0.006856 0.218257
v 0.021438 0.006855 0.218128
v 0.021440 0.006852 0.212102
v 0.022685 0.006863 0.230823
v 0.022683 0.006867 0.237106
v 0.022682 0.006871 0.243390
v 0.022680 0.006875 0.249673
v 0.022678 0.006879 0.255956
v 0.022676 0.006882 0.262239
v 0.022675 0.006886 0.268522
v 0.022673 0.006890 0.274805
v 0.022668 0.006902 0.293655
v 0.022666 0.006905 0.299938
v 0.022664 0.006909 0.306221
v 0.022663 0.006913 0.312505
v 0.022661 0.006917 0.318788
v 0.022659 0.006921 0.325071
v 0.022657 0.006925 0.331354
v 0.022656 0.006928 0.337637
v 0.022652 0.006936 0.350204
v 0.022650 0.006940 0.356487
v 0.022649 0.006944 0.362770
v 0.022647 0.006947 0.369053
v 0.022645 0.006951 0.375336
v 0.022644 0.006955 0.381620
v 0.022642 0.006959 0.387903
v 0.022640 0.006963 0.394186
v 0.022637 0.006970 0.406752
v 0.022635 0.006974 0.413035
v 0.022633 0.006978 0.419319
v 0.022631 0.006982 0.425602
v 0.022630 0.006986 0.431885
v 0.022628 0.006989 0.438168
v 0.022626 0.006993 0.444451
v 0.022625 0.006997 0.450735
v 0.022621 0.007005 0.463301
v 0.022619 0.007009 0.469584
v 0.022618 0.007012 0.475867
v 0.022616 0.007016 0.482151
v 0.022614 0.007020 0.488434
v 0.022613 0.007024 0.494717
v 0.021329 0.007352 0.212816
v 0.021387 0.007090 0.212655
v 0.021426 0.006914 0.212403
v 0.021417 0.006953 0.217755
v 0.020438 0.011353 0.214269
v 0.021356 0.007228 0.217473
v 0.034855 -0.011446 0.539017
v 0.018741 -0.011452 0.535812
v 0.034857 -0.011451 0.531017
v 0.018956 -0.011453 0.535012
v 0.018742 -0.011453 0.534212
v 0.018156 -0.011454 0.533626
v 0.017356 -0.011454 0.533412
v -0.218143 -0.011514 0.530947
v 0.016556 -0.011454 0.533626
v 0.015971 -0.011454 0.534211
v -0.218145 -0.011509 0.538947
v 0.015756 -0.011453 0.535011
v 0.015970 -0.011453 0.535811
v 0.016556 -0.011452 0.536397
v 0.017356 -0.011452 0.536612
v 0.018156 -0.011452 0.536398
v -0.218143 -0.010514 0.529947
v -0.218146 -0.010508 0.539947
v 0.034857 -0.010452 0.530016
v 0.034854 -0.010446 0.540016
v -0.218141 -0.019514 0.530952
v -0.218140 -0.020514 0.529953
v -0.218143 -0.019509 0.538952
v -0.218143 -0.020508 0.539953
v 0.030656 -0.016832 0.540019
v 0.029856 -0.017047 0.540019
v 0.034857 -0.020446 0.540022
v 0.029056 -0.016833 0.540018
v 0.004856 -0.017053 0.540012
v 0.028470 -0.016247 0.540018
v 0.005656 -0.016838 0.540012
v 0.004056 -0.016839 0.540011
v 0.003470 -0.016253 0.540011
v 0.003256 -0.015453 0.540010
v 0.003470 -0.014653 0.540010
v 0.030655 -0.014061 0.540017
v 0.031241 -0.014647 0.540018
v 0.031456 -0.015446 0.540018
v 0.031241 -0.016246 0.540019
v 0.004055 -0.014068 0.540010
v 0.004855 -0.013853 0.540010
v 0.005655 -0.014067 0.540010
v 0.006241 -0.014653 0.540011
v 0.006456 -0.015453 0.540011
v 0.028256 -0.015447 0.540017
v 0.006241 -0.016253 0.540012
v 0.028470 -0.014647 0.540017
v 0.029055 -0.014061 0.540017
v 0.029855 -0.013847 0.540017
v 0.031456 -0.015447 0.539018
v 0.031241 -0.014647 0.539018
v 0.030656 -0.014062 0.539017
v 0.029855 -0.013847 0.539017
v 0.029056 -0.014062 0.539017
v 0.028470 -0.014648 0.539017
v 0.028256 -0.015448 0.539017
v 0.028470 -0.016248 0.539018
v 0.029056 -0.016833 0.539018
v 0.029856 -0.017047 0.539019
v 0.030656 -0.016833 0.539019
v 0.031242 -0.016247 0.539019
v 0.004856 -0.017054 0.539012
v 0.005656 -0.016839 0.539012
v 0.006241 -0.014653 0.539011
v 0.003256 -0.015454 0.539010
v 0.003470 -0.016254 0.539011
v 0.034857 -0.019446 0.539022
v 0.006242 -0.016253 0.539012
v 0.006456 -0.015453 0.539011
v 0.005656 -0.014068 0.539010
v 0.004856 -0.013854 0.539010
v 0.004056 -0.014068 0.539010
v 0.003470 -0.014654 0.539010
v 0.004056 -0.016839 0.539011
v 0.034859 -0.019451 0.531022
v 0.034860 -0.020452 0.530022
v 0.018744 -0.020453 0.534218
v 0.018159 -0.020454 0.533632
v 0.017359 -0.020454 0.533417
v 0.016559 -0.020454 0.533631
v 0.015973 -0.020454 0.534217
v 0.015758 -0.020453 0.535017
v 0.015972 -0.020453 0.535817
v 0.018744 -0.020452 0.535818
v 0.018958 -0.020453 0.535018
v 0.016558 -0.020452 0.536403
v 0.017358 -0.020452 0.536617
v 0.018158 -0.020452 0.536403
v 0.015758 -0.019453 0.535016
v 0.015973 -0.019454 0.534216
v 0.016558 -0.019454 0.533631
v 0.017358 -0.019454 0.533417
v 0.018158 -0.019454 0.533631
v 0.018744 -0.019453 0.534217
v 0.018958 -0.019453 0.535017
v 0.018743 -0.019452 0.535817
v 0.018158 -0.019452 0.536403
v 0.017358 -0.019452 0.536617
v 0.016558 -0.019452 0.536402
v 0.015972 -0.019453 0.535816
v 0.028258 -0.015453 0.531017
v 0.004858 -0.013859 0.531010
v 0.005658 -0.014073 0.531010
v 0.006244 -0.014658 0.531011
v 0.006458 -0.015458 0.531011
v 0.028473 -0.016253 0.531018
v 0.006244 -0.016258 0.531012
v 0.003258 -0.015459 0.531010
v 0.003473 -0.016259 0.531011
v 0.004058 -0.016844 0.531011
v 0.004858 -0.017059 0.531012
v 0.031244 -0.016252 0.531019
v 0.031458 -0.015452 0.531018
v 0.031244 -0.014652 0.531018
v 0.005658 -0.016844 0.531012
v 0.029058 -0.016838 0.531018
v 0.029858 -0.017052 0.531019
v 0.030658 -0.016838 0.531019
v 0.003472 -0.014659 0.531010
v 0.004058 -0.014073 0.531010
v 0.028472 -0.014653 0.531017
v 0.029058 -0.014067 0.531017
v 0.029858 -0.013852 0.531017
v 0.030658 -0.014066 0.531017
v 0.031458 -0.015453 0.530018
v 0.031244 -0.014653 0.530018
v 0.030658 -0.014067 0.530017
v 0.029858 -0.013853 0.530017
v 0.029058 -0.014067 0.530017
v 0.028473 -0.014653 0.530017
v 0.028258 -0.015453 0.530017
v 0.028473 -0.016253 0.530018
v 0.029059 -0.016839 0.530018
v 0.029859 -0.017053 0.530019
v 0.030659 -0.016838 0.530019
v 0.031244 -0.016253 0.530019
v 0.006244 -0.016259 0.530012
v 0.006458 -0.015459 0.530011
v 0.005659 -0.016845 0.530012
v 0.006244 -0.014659 0.530011
v 0.003473 -0.016259 0.530011
v 0.004059 -0.016845 0.530011
v 0.005658 -0.014073 0.530010
v 0.004858 -0.013859 0.530010
v 0.004859 -0.017059 0.530012
v 0.004058 -0.014074 0.530010
v 0.003473 -0.014659 0.530010
v 0.003258 -0.015460 0.530010
v 0.004856 0.006417 0.519998
v 0.004855 0.006418 0.520998
v 0.004056 0.006203 0.519997
v 0.004056 0.006203 0.520997
v 0.003470 0.005617 0.519998
v 0.003470 0.005618 0.520998
v 0.003256 0.004817 0.519998
v 0.003256 0.004818 0.520998
v 0.003471 0.004017 0.519999
v 0.003470 0.004018 0.520999
v 0.004056 0.003432 0.519999
v 0.004056 0.003432 0.520999
v 0.004856 0.003217 0.520000
v 0.004856 0.003218 0.520999
v 0.005656 0.003432 0.520000
v 0.005656 0.003433 0.521000
v 0.006242 0.004018 0.519999
v 0.006242 0.004018 0.520999
v 0.006456 0.004818 0.519999
v 0.006456 0.004818 0.520999
v 0.006242 0.005618 0.519998
v 0.006241 0.005618 0.520998
v 0.005656 0.006203 0.519998
v 0.005655 0.006204 0.520998
v 0.004035 0.089882 0.520947
v 0.003449 0.090468 0.520946
v 0.000857 0.000317 0.521000
v 0.003234 0.091268 0.520945
v 0.000831 0.106267 0.520936
v 0.003449 0.092068 0.520945
v 0.005634 0.092654 0.520945
v 0.008831 0.106269 0.520938
v 0.004834 0.092868 0.520945
v 0.004034 0.092653 0.520945
v 0.006220 0.092068 0.520946
v 0.006434 0.091268 0.520946
v 0.008857 0.000319 0.521002
v 0.006220 0.090468 0.520947
v 0.005635 0.089883 0.520947
v 0.004835 0.089668 0.520947
v 0.004834 0.092867 0.519945
v 0.004034 0.092653 0.519945
v 0.003449 0.092067 0.519945
v 0.003235 0.091267 0.519946
v 0.003449 0.090467 0.519946
v 0.004035 0.089882 0.519947
v 0.004835 0.089667 0.519947
v 0.005635 0.089882 0.519947
v 0.006221 0.090468 0.519947
v 0.006435 0.091268 0.519946
v 0.006220 0.092068 0.519946
v 0.005634 0.092653 0.519945
v -0.000143 0.000316 0.520000
v 0.009857 0.000319 0.520003
v 0.009831 0.106269 0.519938
v -0.000169 0.106266 0.519935
v 0.000829 0.106272 0.528936
v -0.000172 0.106272 0.529935
v 0.008829 0.106274 0.528938
v 0.009828 0.106275 0.529938
v -0.000170 0.102869 0.525133
v -0.000170 0.102655 0.525933
v -0.000170 0.102070 0.526519
v -0.000170 0.101270 0.526734
v -0.000149 0.019205 0.525984
v -0.000149 0.019419 0.525184
v -0.000149 0.019204 0.524384
v -0.000146 0.000322 0.530000
v -0.000148 0.016434 0.525985
v -0.000148 0.016219 0.525186
v -0.000169 0.102654 0.524333
v -0.000169 0.102068 0.523748
v -0.000148 0.018618 0.523799
v -0.000148 0.017818 0.523585
v -0.000169 0.100470 0.526520
v -0.000169 0.099884 0.525935
v -0.000149 0.018620 0.526570
v -0.000149 0.017820 0.526785
v -0.000149 0.017020 0.526571
v -0.000148 0.016433 0.524386
v -0.000148 0.017018 0.523799
v -0.000169 0.099669 0.525135
v -0.000169 0.099883 0.524335
v -0.000169 0.100468 0.523749
v -0.000169 0.101268 0.523534
v 0.000831 0.099669 0.525135
v 0.000831 0.099883 0.524335
v 0.000831 0.100469 0.523749
v 0.000831 0.101269 0.523534
v 0.000831 0.102069 0.523748
v 0.000831 0.102655 0.524333
v 0.000830 0.102869 0.525133
v 0.000830 0.102656 0.525933
v 0.000830 0.102070 0.526519
v 0.000830 0.101270 0.526734
v 0.000831 0.100470 0.526520
v 0.000831 0.099884 0.525935
v 0.000852 0.016433 0.524386
v 0.000855 0.000322 0.529000
v 0.000852 0.016220 0.525186
v 0.000852 0.016434 0.525986
v 0.000851 0.019206 0.525984
v 0.000851 0.019420 0.525184
v 0.000851 0.019205 0.524384
v 0.000851 0.017020 0.526571
v 0.000851 0.017820 0.526785
v 0.000851 0.018620 0.526570
v 0.000852 0.018619 0.523799
v 0.000852 0.017819 0.523585
v 0.000852 0.017019 0.523800
v 0.004853 0.006423 0.528998
v 0.004853 0.006423 0.529998
v 0.004053 0.006208 0.528997
v 0.004053 0.006209 0.529997
v 0.003468 0.005622 0.528998
v 0.003468 0.005623 0.529998
v 0.003254 0.004822 0.528998
v 0.003253 0.004823 0.529998
v 0.003468 0.004022 0.528999
v 0.003468 0.004023 0.529999
v 0.004054 0.003437 0.528999
v 0.004054 0.003438 0.529999
v 0.004854 0.003223 0.529000
v 0.004854 0.003223 0.529999
v 0.005654 0.003437 0.529000
v 0.005654 0.003438 0.530000
v 0.006239 0.004023 0.528999
v 0.006239 0.004024 0.529999
v 0.006454 0.004823 0.528999
v 0.006453 0.004824 0.529999
v 0.006239 0.005623 0.528998
v 0.006239 0.005624 0.529998
v 0.005653 0.006209 0.528998
v 0.005653 0.006209 0.529998
v 0.004033 0.089887 0.528947
v 0.003447 0.090472 0.528946
v 0.003232 0.091272 0.528946
v 0.008855 0.000324 0.529002
v 0.006432 0.091273 0.528946
v 0.006218 0.092073 0.528946
v 0.005632 0.092659 0.528945
v 0.004832 0.092873 0.528945
v 0.004032 0.092658 0.528945
v 0.003446 0.092072 0.528945
v 0.004833 0.089673 0.528947
v 0.005633 0.089887 0.528947
v 0.006218 0.090473 0.528947
v 0.004832 0.092873 0.529945
v 0.004032 0.092659 0.529945
v 0.003446 0.092073 0.529945
v 0.003232 0.091273 0.529945
v 0.003447 0.090473 0.529946
v 0.004032 0.089888 0.529947
v 0.004832 0.089673 0.529947
v 0.005632 0.089888 0.529947
v 0.006218 0.090474 0.529947
v 0.006432 0.091274 0.529946
v 0.006217 0.092074 0.529946
v 0.005632 0.092659 0.529945
v 0.009854 0.000325 0.530003
v 0.009851 0.019208 0.525987
v 0.009851 0.019422 0.525186
v 0.009831 0.099672 0.525138
v 0.009830 0.102073 0.526522
v 0.009830 0.102658 0.525936
v 0.009830 0.102872 0.525136
v 0.009831 0.102657 0.524336
v 0.009831 0.102071 0.523750
v 0.009831 0.099886 0.524337
v 0.009851 0.019207 0.524387
v 0.009852 0.018621 0.523801
v 0.009831 0.101271 0.523537
v 0.009831 0.100471 0.523751
v 0.009852 0.017821 0.523587
v 0.009852 0.017021 0.523802
v 0.009852 0.016436 0.524388
v 0.009852 0.016222 0.525188
v 0.009852 0.016437 0.525988
v 0.009851 0.017023 0.526573
v 0.009851 0.017823 0.526787
v 0.009851 0.018623 0.526573
v 0.009831 0.099887 0.525937
v 0.009831 0.100473 0.526523
v 0.009830 0.101273 0.526737
v 0.008831 0.099671 0.525137
v 0.008831 0.099885 0.524337
v 0.008831 0.100471 0.523751
v 0.008831 0.101270 0.523536
v 0.008831 0.102071 0.523750
v 0.008831 0.102657 0.524336
v 0.008830 0.102871 0.525135
v 0.008830 0.102658 0.525936
v 0.008830 0.102072 0.526522
v 0.008830 0.101272 0.526736
v 0.008831 0.100472 0.526522
v 0.008831 0.099886 0.525937
v 0.008852 0.016435 0.524388
v 0.008852 0.017021 0.523802
v 0.008852 0.017821 0.523587
v 0.008852 0.018621 0.523801
v 0.008851 0.019208 0.525986
v 0.008851 0.019421 0.525186
v 0.008851 0.019207 0.524386
v 0.008852 0.016221 0.525188
v 0.008852 0.016436 0.525988
v 0.008851 0.018622 0.526572
v 0.008851 0.017822 0.526787
v 0.008851 0.017022 0.526573
v 0.033852 0.016228 0.525195
v 0.034852 0.016228 0.525195
v 0.033852 0.016442 0.524395
v 0.034852 0.016442 0.524395
v 0.033852 0.017027 0.523809
v 0.034852 0.017027 0.523809
v 0.033852 0.017827 0.523594
v 0.034852 0.017827 0.523594
v 0.033852 0.018627 0.523808
v 0.034852 0.018627 0.523808
v 0.033851 0.019213 0.524393
v 0.034851 0.019213 0.524393
v 0.033851 0.019428 0.525193
v 0.034851 0.019428 0.525193
v 0.033851 0.019214 0.525993
v 0.034851 0.019214 0.525993
v 0.033851 0.018629 0.526579
v 0.034851 0.018629 0.526579
v 0.033851 0.017829 0.526794
v 0.034851 0.017829 0.526794
v 0.033851 0.017029 0.526580
v 0.034851 0.017029 0.526580
v 0.033852 0.016443 0.525995
v 0.034852 0.016443 0.525995
v 0.033830 0.101279 0.526743
v 0.033830 0.102664 0.525942
v 0.033830 0.102079 0.526528
v 0.033829 0.106280 0.528945
v 0.033831 0.100479 0.526529
v 0.033831 0.099893 0.525944
v 0.033831 0.106275 0.520945
v 0.033831 0.102663 0.524342
v 0.033830 0.102878 0.525142
v 0.033855 0.000330 0.529009
v 0.033857 0.000325 0.521009
v 0.033831 0.101277 0.523543
v 0.033831 0.102077 0.523757
v 0.033831 0.099678 0.525144
v 0.033831 0.099892 0.524344
v 0.033831 0.100477 0.523758
v 0.034831 0.099678 0.525144
v 0.034831 0.099892 0.524344
v 0.034831 0.100477 0.523758
v 0.034831 0.101277 0.523544
v 0.034831 0.102077 0.523757
v 0.034831 0.102663 0.524343
v 0.034830 0.102878 0.525143
v 0.034830 0.102664 0.525943
v 0.034830 0.102079 0.526529
v 0.034830 0.101279 0.526744
v 0.034831 0.100479 0.526530
v 0.034831 0.099893 0.525944
v 0.034831 0.106275 0.519945
v 0.034857 0.000325 0.520009
v 0.034854 0.000331 0.530010
v 0.034828 0.106281 0.529945
v 0.025855 0.000328 0.529007
v 0.024854 0.000328 0.530007
v 0.025857 0.000323 0.521007
v 0.024857 0.000322 0.520007
v 0.031217 0.092080 0.529953
v 0.031432 0.091280 0.529953
v 0.029032 0.089894 0.529953
v 0.028447 0.090479 0.529953
v 0.028232 0.091279 0.529952
v 0.024828 0.106278 0.529942
v 0.028446 0.092079 0.529952
v 0.029032 0.092665 0.529952
v 0.029832 0.092880 0.529952
v 0.030632 0.092665 0.529952
v 0.031239 0.004030 0.530006
v 0.030654 0.003444 0.530006
v 0.029854 0.003230 0.530006
v 0.029054 0.003444 0.530006
v 0.028468 0.004029 0.530005
v 0.030653 0.006215 0.530005
v 0.031239 0.005630 0.530005
v 0.031453 0.004830 0.530006
v 0.028253 0.004829 0.530005
v 0.028468 0.005629 0.530005
v 0.029053 0.006215 0.530004
v 0.029832 0.089680 0.529954
v 0.029853 0.006430 0.530004
v 0.030632 0.089894 0.529954
v 0.031218 0.090480 0.529954
v 0.029832 0.092879 0.528952
v 0.029032 0.092664 0.528952
v 0.028446 0.092079 0.528952
v 0.028232 0.091279 0.528952
v 0.028447 0.090479 0.528953
v 0.029033 0.089893 0.528953
v 0.029833 0.089679 0.528954
v 0.030633 0.089894 0.528954
v 0.031218 0.090479 0.528954
v 0.031432 0.091279 0.528953
v 0.031218 0.092079 0.528953
v 0.030632 0.092665 0.528952
v 0.028254 0.004829 0.529005
v 0.025829 0.106278 0.528943
v 0.031454 0.004829 0.529006
v 0.031239 0.005629 0.529005
v 0.030653 0.006215 0.529005
v 0.028468 0.004029 0.529006
v 0.029054 0.003443 0.529006
v 0.029854 0.003229 0.529006
v 0.029853 0.006429 0.529004
v 0.029053 0.006214 0.529004
v 0.028468 0.005629 0.529005
v 0.030654 0.003444 0.529006
v 0.031239 0.004029 0.529006
v 0.025831 0.102075 0.523755
v 0.025831 0.101275 0.523541
v 0.025831 0.106273 0.520943
v 0.025852 0.016441 0.525993
v 0.025851 0.017027 0.526578
v 0.025851 0.017827 0.526792
v 0.025851 0.018627 0.526577
v 0.025851 0.019212 0.525991
v 0.025831 0.099891 0.525942
v 0.025831 0.099676 0.525142
v 0.025851 0.019426 0.525191
v 0.025831 0.099890 0.524342
v 0.025851 0.019211 0.524391
v 0.025852 0.018625 0.523806
v 0.025831 0.100475 0.523756
v 0.025852 0.017825 0.523592
v 0.025852 0.017025 0.523807
v 0.025852 0.016440 0.524393
v 0.025852 0.016226 0.525193
v 0.025831 0.100477 0.526527
v 0.025830 0.101277 0.526741
v 0.025830 0.102077 0.526526
v 0.025830 0.102662 0.525940
v 0.025830 0.102876 0.525140
v 0.025831 0.102661 0.524340
v 0.024831 0.099675 0.525142
v 0.024831 0.099889 0.524342
v 0.024831 0.100475 0.523756
v 0.024831 0.101274 0.523541
v 0.024831 0.102075 0.523755
v 0.024831 0.102661 0.524340
v 0.024830 0.102875 0.525140
v 0.024830 0.102662 0.525940
v 0.024830 0.102076 0.526526
v 0.024830 0.101276 0.526741
v 0.024831 0.100476 0.526527
v 0.024831 0.099890 0.525942
v 0.024851 0.019212 0.525991
v 0.024851 0.019425 0.525190
v 0.024851 0.019211 0.524391
v 0.024852 0.018625 0.523805
v 0.024852 0.017824 0.523592
v 0.024831 0.106272 0.519942
v 0.024851 0.018626 0.526577
v 0.024851 0.017826 0.526792
v 0.024851 0.017026 0.526578
v 0.024852 0.016440 0.525992
v 0.024852 0.016225 0.525192
v 0.024852 0.016439 0.524392
v 0.024852 0.017025 0.523806
v 0.028235 0.091273 0.519952
v 0.031242 0.005624 0.520005
v 0.030656 0.006209 0.520005
v 0.030634 0.092659 0.519952
v 0.029834 0.092874 0.519952
v 0.028449 0.090473 0.519953
v 0.029035 0.089888 0.519953
v 0.029835 0.089674 0.519954
v 0.028471 0.004023 0.520005
v 0.029056 0.003438 0.520006
v 0.029857 0.003224 0.520006
v 0.030656 0.003438 0.520006
v 0.031242 0.004024 0.520006
v 0.029034 0.092659 0.519952
v 0.028449 0.092073 0.519952
v 0.030635 0.089888 0.519954
v 0.031456 0.004824 0.520006
v 0.031221 0.090474 0.519954
v 0.031435 0.091274 0.519953
v 0.031220 0.092074 0.519953
v 0.029856 0.006424 0.520004
v 0.029056 0.006209 0.520004
v 0.028470 0.005623 0.520005
v 0.028256 0.004823 0.520005
v 0.029834 0.092874 0.520952
v 0.029034 0.092660 0.520952
v 0.028449 0.092074 0.520952
v 0.028234 0.091274 0.520952
v 0.028449 0.090474 0.520953
v 0.029035 0.089888 0.520953
v 0.029835 0.089674 0.520954
v 0.030635 0.089889 0.520954
v 0.031220 0.090474 0.520954
v 0.031434 0.091275 0.520953
v 0.031220 0.092074 0.520953
v 0.030634 0.092660 0.520952
v 0.028470 0.005624 0.521004
v 0.029055 0.006210 0.521004
v 0.028470 0.004024 0.521006
v 0.028256 0.004824 0.521005
v 0.030655 0.006210 0.521005
v 0.031241 0.005624 0.521005
v 0.031456 0.004825 0.521006
v 0.031242 0.004024 0.521006
v 0.030656 0.003439 0.521006
v 0.029856 0.003224 0.521006
v 0.029056 0.003438 0.521006
v 0.029855 0.006424 0.521004
v 0.018976 0.096955 -0.000054
v 0.019976 0.095955 -0.000053
v 0.010976 0.096953 -0.000056
v 0.009976 0.095952 -0.000056
v 0.010974 0.104953 -0.000061
v 0.009974 0.105952 -0.000062
v 0.018974 0.104955 -0.000059
v 0.019974 0.105955 -0.000059
v 0.010965 0.100175 0.036523
v 0.010965 0.100975 0.036737
v 0.010831 0.101271 0.523537
v 0.010828 0.097281 0.539944
v 0.010831 0.099672 0.525138
v 0.010831 0.099886 0.524338
v 0.010966 0.099588 0.034338
v 0.010966 0.099374 0.035138
v 0.010831 0.102071 0.523751
v 0.010831 0.100471 0.523752
v 0.010965 0.099589 0.035938
v 0.010831 0.099887 0.525938
v 0.010831 0.100473 0.526523
v 0.010826 0.105281 0.539939
v 0.010830 0.101273 0.526737
v 0.010830 0.102073 0.526522
v 0.010830 0.102658 0.525936
v 0.010830 0.102872 0.525136
v 0.010965 0.102359 0.034336
v 0.010965 0.102574 0.035136
v 0.010965 0.102360 0.035936
v 0.010965 0.101775 0.036522
v 0.010831 0.102657 0.524336
v 0.010966 0.101773 0.033751
v 0.010966 0.100973 0.033537
v 0.010966 0.100173 0.033752
v 0.009965 0.100975 0.036737
v 0.009965 0.101775 0.036522
v 0.009965 0.102360 0.035936
v 0.009965 0.102574 0.035136
v 0.009965 0.102359 0.034336
v 0.009966 0.101773 0.033751
v 0.009966 0.100973 0.033537
v 0.009966 0.100173 0.033752
v 0.009966 0.099588 0.034338
v 0.009966 0.099374 0.035138
v 0.009965 0.099589 0.035938
v 0.009965 0.100175 0.036523
v 0.009826 0.106281 0.539938
v 0.009828 0.096281 0.539944
v 0.018828 0.097283 0.539946
v 0.019828 0.096283 0.539947
v 0.018826 0.105283 0.539941
v 0.019825 0.106283 0.539941
v 0.013589 0.095956 0.004145
v 0.013375 0.095956 0.004945
v 0.013443 0.096279 0.535745
v 0.014029 0.096280 0.536331
v 0.013589 0.095957 0.005745
v 0.014174 0.095957 0.006331
v 0.013444 0.096278 0.534145
v 0.014829 0.096280 0.536546
v 0.015629 0.096280 0.536332
v 0.016575 0.095957 0.004946
v 0.016361 0.095957 0.004146
v 0.013229 0.096279 0.534945
v 0.015774 0.095958 0.006332
v 0.015630 0.096278 0.533560
v 0.014974 0.095958 0.006546
v 0.014830 0.096278 0.533346
v 0.014030 0.096278 0.533560
v 0.016215 0.096280 0.535746
v 0.016429 0.096279 0.534946
v 0.016215 0.096279 0.534146
v 0.016360 0.095958 0.005746
v 0.015775 0.095956 0.003560
v 0.014975 0.095956 0.003346
v 0.014175 0.095956 0.003560
v 0.014975 0.096956 0.003345
v 0.014175 0.096956 0.003559
v 0.013589 0.096956 0.004145
v 0.013375 0.096956 0.004945
v 0.013589 0.096957 0.005745
v 0.014174 0.096957 0.006331
v 0.014974 0.096958 0.006545
v 0.015774 0.096958 0.006331
v 0.016360 0.096958 0.005746
v 0.016575 0.096957 0.004946
v 0.016360 0.096957 0.004146
v 0.015775 0.096956 0.003560
v 0.014829 0.097280 0.536545
v 0.015629 0.097280 0.536331
v 0.016215 0.097280 0.535745
v 0.016215 0.097279 0.534145
v 0.016429 0.097279 0.534945
v 0.014029 0.097280 0.536330
v 0.013443 0.097279 0.535745
v 0.013229 0.097279 0.534945
v 0.013444 0.097278 0.534145
v 0.014029 0.097278 0.533559
v 0.014830 0.097278 0.533345
v 0.015629 0.097278 0.533560
v 0.018830 0.102874 0.525138
v 0.018830 0.102660 0.525938
v 0.018830 0.102075 0.526524
v 0.018830 0.101275 0.526739
v 0.018831 0.100475 0.526525
v 0.018831 0.099889 0.525940
v 0.018831 0.099674 0.525140
v 0.018831 0.100473 0.523754
v 0.018965 0.102576 0.035138
v 0.018831 0.099888 0.524340
v 0.018965 0.102362 0.035938
v 0.018965 0.101777 0.036524
v 0.018965 0.100977 0.036739
v 0.018965 0.100177 0.036525
v 0.018965 0.099591 0.035940
v 0.018966 0.099376 0.035140
v 0.018966 0.099590 0.034340
v 0.018966 0.100175 0.033754
v 0.018966 0.100975 0.033539
v 0.018966 0.101775 0.033753
v 0.018965 0.102361 0.034338
v 0.018831 0.101273 0.523539
v 0.018831 0.102073 0.523753
v 0.018831 0.102659 0.524338
v 0.014973 0.104956 0.003340
v 0.014973 0.105956 0.003340
v 0.014173 0.104956 0.003554
v 0.014173 0.105956 0.003554
v 0.013587 0.104956 0.004140
v 0.013587 0.105956 0.004139
v 0.013373 0.104956 0.004940
v 0.013372 0.105956 0.004939
v 0.013587 0.104957 0.005740
v 0.013587 0.105957 0.005739
v 0.014172 0.104957 0.006326
v 0.014172 0.105957 0.006325
v 0.014972 0.104958 0.006540
v 0.014972 0.105958 0.006540
v 0.015772 0.104958 0.006326
v 0.015772 0.105958 0.006326
v 0.016358 0.104958 0.005741
v 0.016358 0.105958 0.005740
v 0.016573 0.104957 0.004941
v 0.016572 0.105957 0.004940
v 0.016359 0.104957 0.004141
v 0.016358 0.105957 0.004140
v 0.015773 0.104956 0.003555
v 0.015773 0.105956 0.003554
v 0.014028 0.105278 0.533554
v 0.013442 0.105278 0.534140
v 0.013227 0.105279 0.534940
v 0.015627 0.105280 0.536326
v 0.016213 0.105280 0.535741
v 0.013441 0.105279 0.535740
v 0.014027 0.105280 0.536326
v 0.014827 0.105280 0.536540
v 0.015628 0.105278 0.533555
v 0.016213 0.105279 0.534141
v 0.016427 0.105279 0.534941
v 0.014828 0.105278 0.533340
v 0.014827 0.106278 0.533340
v 0.014027 0.106278 0.533554
v 0.013441 0.106278 0.534139
v 0.013227 0.106279 0.534939
v 0.013441 0.106279 0.535739
v 0.014027 0.106280 0.536325
v 0.014826 0.106280 0.536540
v 0.015627 0.106280 0.536325
v 0.016212 0.106280 0.535740
v 0.016427 0.106279 0.534940
v 0.016213 0.106279 0.534140
v 0.015627 0.106278 0.533554
v 0.019831 0.100475 0.526525
v 0.019830 0.101275 0.526739
v 0.019830 0.102075 0.526525
v 0.019966 0.099590 0.034340
v 0.019966 0.099376 0.035140
v 0.019965 0.100177 0.036526
v 0.019965 0.100977 0.036739
v 0.019831 0.101273 0.523539
v 0.019965 0.101777 0.036525
v 0.019965 0.102362 0.035939
v 0.019965 0.102576 0.035139
v 0.019965 0.102361 0.034339
v 0.019831 0.099888 0.524340
v 0.019831 0.099674 0.525140
v 0.019831 0.099889 0.525940
v 0.019965 0.099591 0.035940
v 0.019831 0.100473 0.523754
v 0.019830 0.102660 0.525939
v 0.019830 0.102874 0.525138
v 0.019831 0.102659 0.524339
v 0.019831 0.102073 0.523753
v 0.019966 0.101775 0.033753
v 0.019966 0.100975 0.033539
v 0.019966 0.100175 0.033754
v 0.033995 0.015912 0.005195
v 0.034995 0.015912 0.005195
v 0.033995 0.016125 0.004395
v 0.034995 0.016126 0.004395
v 0.033995 0.016711 0.003809
v 0.034995 0.016711 0.003809
v 0.033995 0.017511 0.003594
v 0.034995 0.017511 0.003594
v 0.033994 0.018311 0.003808
v 0.034994 0.018311 0.003808
v 0.033994 0.018897 0.004393
v 0.034994 0.018897 0.004394
v 0.033994 0.019112 0.005193
v 0.034994 0.019112 0.005193
v 0.033994 0.018898 0.005993
v 0.034994 0.018898 0.005994
v 0.033994 0.018312 0.006579
v 0.034994 0.018313 0.006580
v 0.033994 0.017513 0.006794
v 0.034994 0.017513 0.006794
v 0.033994 0.016712 0.006580
v 0.034994 0.016713 0.006580
v 0.033994 0.016126 0.005995
v 0.034994 0.016127 0.005995
v 0.033973 0.105959 0.000945
v 0.034000 0.000009 0.001009
v 0.033973 0.100963 0.006743
v 0.033973 0.100162 0.006529
v 0.033971 0.105964 0.008945
v 0.033998 0.000014 0.009009
v 0.033973 0.102348 0.005942
v 0.033973 0.101762 0.006528
v 0.033974 0.099576 0.005944
v 0.033974 0.099362 0.005144
v 0.033974 0.099575 0.004344
v 0.033973 0.102347 0.004342
v 0.033973 0.102562 0.005142
v 0.033974 0.100161 0.003758
v 0.033974 0.100961 0.003543
v 0.033974 0.101761 0.003757
v 0.034974 0.099362 0.005145
v 0.034974 0.099576 0.004344
v 0.034974 0.100161 0.003758
v 0.034974 0.100961 0.003544
v 0.034974 0.101761 0.003757
v 0.034973 0.102347 0.004343
v 0.034973 0.102562 0.005143
v 0.034973 0.102348 0.005943
v 0.034973 0.101763 0.006529
v 0.034973 0.100963 0.006744
v 0.034973 0.100163 0.006530
v 0.034974 0.099577 0.005944
v 0.035000 0.000009 0.000010
v 0.034997 0.000015 0.010010
v 0.034974 0.105959 -0.000055
v 0.034971 0.105965 0.009945
v 0.025998 0.000012 0.009007
v 0.024997 0.000012 0.010007
v 0.026000 0.000007 0.001007
v 0.025000 0.000006 0.000007
v 0.029175 0.089578 0.009954
v 0.028589 0.090163 0.009953
v 0.028375 0.090963 0.009952
v 0.024971 0.105962 0.009942
v 0.028589 0.091763 0.009952
v 0.030774 0.092349 0.009952
v 0.029974 0.092563 0.009952
v 0.029174 0.092349 0.009952
v 0.031382 0.003714 0.010006
v 0.030796 0.003128 0.010007
v 0.029997 0.002914 0.010006
v 0.029196 0.003128 0.010006
v 0.028611 0.003713 0.010006
v 0.031360 0.091764 0.009953
v 0.031575 0.090964 0.009953
v 0.031361 0.090164 0.009954
v 0.030775 0.089578 0.009954
v 0.031382 0.005314 0.010005
v 0.031596 0.004514 0.010006
v 0.028396 0.004513 0.010005
v 0.028610 0.005313 0.010005
v 0.029196 0.005899 0.010004
v 0.029975 0.089363 0.009954
v 0.029996 0.006114 0.010005
v 0.030796 0.005899 0.010005
v 0.029975 0.092563 0.008952
v 0.029175 0.092348 0.008952
v 0.028589 0.091763 0.008952
v 0.028375 0.090962 0.008952
v 0.028590 0.090163 0.008953
v 0.029175 0.089577 0.008954
v 0.029975 0.089363 0.008954
v 0.030775 0.089577 0.008954
v 0.031361 0.090163 0.008954
v 0.031575 0.090963 0.008953
v 0.031360 0.091763 0.008953
v 0.030775 0.092349 0.008952
v 0.028396 0.004513 0.009005
v 0.025971 0.105962 0.008943
v 0.030796 0.005899 0.009005
v 0.031382 0.005313 0.009005
v 0.031596 0.004513 0.009006
v 0.029996 0.006113 0.009005
v 0.029196 0.005898 0.009004
v 0.028611 0.005313 0.009005
v 0.029997 0.002913 0.009006
v 0.029197 0.003127 0.009006
v 0.028611 0.003713 0.009006
v 0.030797 0.003127 0.009007
v 0.031382 0.003713 0.009006
v 0.025995 0.016709 0.003807
v 0.025995 0.016123 0.004393
v 0.025995 0.015910 0.005193
v 0.025994 0.016124 0.005993
v 0.025995 0.017509 0.003592
v 0.025974 0.099573 0.004342
v 0.025994 0.018309 0.003806
v 0.025994 0.016710 0.006578
v 0.025994 0.017511 0.006792
v 0.025994 0.018310 0.006577
v 0.025994 0.018896 0.005991
v 0.025973 0.102345 0.004340
v 0.025973 0.105957 0.000943
v 0.025973 0.102560 0.005140
v 0.025973 0.102346 0.005940
v 0.025974 0.099574 0.005942
v 0.025974 0.099360 0.005142
v 0.025994 0.019110 0.005191
v 0.025994 0.018895 0.004391
v 0.025974 0.101759 0.003755
v 0.025974 0.100959 0.003541
v 0.025974 0.100159 0.003756
v 0.025973 0.100160 0.006527
v 0.025973 0.100961 0.006741
v 0.025973 0.101760 0.006526
v 0.024974 0.099359 0.005142
v 0.024974 0.099573 0.004342
v 0.024974 0.100158 0.003756
v 0.024974 0.100958 0.003541
v 0.024974 0.101758 0.003755
v 0.024973 0.102344 0.004340
v 0.024973 0.102559 0.005140
v 0.024973 0.102345 0.005940
v 0.024973 0.101760 0.006526
v 0.024973 0.100960 0.006741
v 0.024973 0.100160 0.006527
v 0.024974 0.099574 0.005942
v 0.024994 0.018309 0.003805
v 0.024994 0.018895 0.004391
v 0.024974 0.105956 -0.000058
v 0.024995 0.017508 0.003592
v 0.024995 0.016709 0.003806
v 0.024994 0.018895 0.005991
v 0.024994 0.018310 0.006577
v 0.024994 0.017510 0.006792
v 0.024994 0.016710 0.006578
v 0.024994 0.016124 0.005992
v 0.024995 0.015909 0.005193
v 0.024995 0.016123 0.004392
v 0.024994 0.019109 0.005191
v 0.031577 0.090958 -0.000047
v 0.029178 0.089572 -0.000046
v 0.031599 0.004508 0.000006
v 0.028592 0.090157 -0.000047
v 0.031384 0.005308 0.000005
v 0.028377 0.090957 -0.000048
v 0.030799 0.005893 0.000005
v 0.031363 0.091758 -0.000047
v 0.030777 0.092343 -0.000048
v 0.029977 0.092557 -0.000048
v 0.031385 0.003708 0.000006
v 0.029177 0.092343 -0.000048
v 0.028592 0.091757 -0.000048
v 0.028613 0.003707 0.000006
v 0.029199 0.003122 0.000006
v 0.029999 0.002907 0.000006
v 0.030799 0.003122 0.000007
v 0.029978 0.089357 -0.000046
v 0.030778 0.089572 -0.000046
v 0.031363 0.090158 -0.000046
v 0.029998 0.006107 0.000005
v 0.029199 0.005893 0.000004
v 0.028613 0.005307 0.000005
v 0.028399 0.004507 0.000005
v 0.029977 0.092558 0.000952
v 0.029177 0.092343 0.000952
v 0.028591 0.091758 0.000952
v 0.028377 0.090958 0.000952
v 0.028592 0.090158 0.000953
v 0.029178 0.089572 0.000954
v 0.029978 0.089358 0.000954
v 0.030778 0.089573 0.000954
v 0.031363 0.090158 0.000954
v 0.031577 0.090958 0.000953
v 0.031363 0.091758 0.000953
v 0.030777 0.092344 0.000952
v 0.028613 0.003708 0.001006
v 0.028399 0.004508 0.001005
v 0.031599 0.004508 0.001006
v 0.031384 0.003708 0.001006
v 0.031384 0.005308 0.001005
v 0.028613 0.005308 0.001005
v 0.029198 0.005893 0.001004
v 0.029998 0.006108 0.001005
v 0.030798 0.005894 0.001005
v 0.030799 0.003123 0.001007
v 0.029999 0.002908 0.001006
v 0.029199 0.003122 0.001006
v 0.004998 0.006101 -0.000002
v 0.004998 0.006102 0.000998
v 0.004199 0.005887 -0.000002
v 0.004198 0.005887 0.000998
v 0.003613 0.005301 -0.000002
v 0.003613 0.005302 0.000998
v 0.003399 0.004501 -0.000002
v 0.003399 0.004501 0.000998
v 0.003613 0.003701 -0.000001
v 0.003613 0.003702 0.000999
v 0.004199 0.003115 -0.000001
v 0.004199 0.003116 0.000999
v 0.004999 0.002901 -0.000000
v 0.004999 0.002902 0.001000
v 0.005799 0.003116 -0.000000
v 0.005799 0.003116 0.001000
v 0.006385 0.003702 -0.000000
v 0.006384 0.003702 0.001000
v 0.006599 0.004502 -0.000001
v 0.006599 0.004502 0.000999
v 0.006384 0.005302 -0.000001
v 0.006384 0.005302 0.000999
v 0.005799 0.005887 -0.000002
v 0.005798 0.005888 0.000998
v 0.004178 0.089566 0.000947
v 0.003592 0.090151 0.000946
v 0.001000 0.000001 0.001000
v 0.003377 0.090951 0.000946
v 0.000973 0.105951 0.000936
v 0.003591 0.091751 0.000945
v 0.008973 0.105953 0.000938
v 0.009000 0.000003 0.001002
v 0.004177 0.092337 0.000945
v 0.004977 0.092552 0.000945
v 0.004978 0.089352 0.000947
v 0.006577 0.090952 0.000947
v 0.006363 0.090152 0.000947
v 0.005778 0.089566 0.000947
v 0.005777 0.092338 0.000945
v 0.006363 0.091752 0.000946
v 0.004977 0.092551 -0.000055
v 0.004177 0.092337 -0.000055
v 0.003592 0.091751 -0.000055
v 0.003377 0.090951 -0.000054
v 0.003592 0.090151 -0.000054
v 0.004178 0.089565 -0.000053
v 0.004978 0.089351 -0.000053
v 0.005778 0.089566 -0.000053
v 0.006363 0.090152 -0.000053
v 0.006577 0.090952 -0.000053
v 0.006363 0.091752 -0.000054
v 0.005777 0.092337 -0.000055
v -0.000026 0.105950 -0.000064
v -0.000000 -0.000000 0.000000
v 0.010000 0.000002 0.000003
v 0.009973 0.100957 0.006737
v 0.009973 0.101756 0.006522
v 0.009971 0.105959 0.009938
v 0.009973 0.102342 0.005936
v 0.009973 0.102556 0.005136
v 0.009973 0.102341 0.004336
v 0.009974 0.101755 0.003751
v 0.009995 0.017505 0.003587
v 0.009995 0.016705 0.003802
v 0.009995 0.016120 0.004388
v 0.009997 0.000009 0.010003
v 0.009995 0.015906 0.005188
v 0.009994 0.016120 0.005988
v 0.009973 0.100156 0.006523
v 0.009974 0.099570 0.005938
v 0.009974 0.100955 0.003537
v 0.009974 0.100155 0.003752
v 0.009974 0.099569 0.004338
v 0.009994 0.018305 0.003801
v 0.009994 0.016706 0.006574
v 0.009994 0.017507 0.006787
v 0.009994 0.018306 0.006573
v 0.009994 0.018892 0.005987
v 0.009974 0.099356 0.005138
v 0.009994 0.019106 0.005187
v 0.009994 0.018891 0.004387
v 0.000971 0.105956 0.008936
v -0.000029 0.105956 0.009936
v 0.008971 0.105958 0.008938
v -0.000005 0.015903 0.005186
v 0.000995 0.015903 0.005186
v -0.000005 0.016117 0.004386
v 0.000995 0.016117 0.004386
v -0.000005 0.016702 0.003800
v 0.000995 0.016703 0.003800
v -0.000005 0.017502 0.003585
v 0.000995 0.017502 0.003585
v -0.000006 0.018302 0.003799
v 0.000994 0.018303 0.003799
v -0.000006 0.018888 0.004384
v 0.000994 0.018889 0.004384
v -0.000006 0.019103 0.005184
v 0.000994 0.019103 0.005184
v -0.000006 0.018889 0.005984
v 0.000994 0.018890 0.005984
v -0.000006 0.018304 0.006570
v 0.000994 0.018304 0.006570
v -0.000006 0.017504 0.006785
v 0.000994 0.017504 0.006785
v -0.000006 0.016704 0.006571
v 0.000994 0.016704 0.006571
v -0.000006 0.016118 0.005986
v 0.000994 0.016118 0.005986
v -0.000026 0.101752 0.003748
v -0.000027 0.102338 0.004333
v -0.000027 0.102553 0.005133
v -0.000027 0.102339 0.005933
v -0.000027 0.101754 0.006519
v -0.000003 0.000006 0.010000
v -0.000000 -0.000000 0.000000
v -0.000026 0.100152 0.003749
v -0.000026 0.100952 0.003534
v -0.000027 0.100954 0.006734
v -0.000027 0.100154 0.006520
v -0.000026 0.099568 0.005935
v -0.000026 0.099353 0.005135
v -0.000026 0.099567 0.004335
v 0.000974 0.099353 0.005135
v 0.000974 0.099567 0.004335
v 0.000974 0.100153 0.003749
v 0.000974 0.100952 0.003534
v 0.000974 0.101753 0.003748
v 0.000973 0.102339 0.004333
v 0.000973 0.102553 0.005133
v 0.000973 0.102340 0.005933
v 0.000973 0.101754 0.006519
v 0.000973 0.100954 0.006734
v 0.000973 0.100154 0.006520
v 0.000974 0.099568 0.005935
v 0.000998 0.000006 0.009000
v 0.004996 0.006107 0.008998
v 0.004996 0.006107 0.009998
v 0.004196 0.005892 0.008998
v 0.004196 0.005893 0.009998
v 0.003611 0.005306 0.008998
v 0.003610 0.005307 0.009998
v 0.003396 0.004506 0.008998
v 0.003396 0.004507 0.009998
v 0.003611 0.003706 0.008999
v 0.003611 0.003707 0.009999
v 0.004197 0.003121 0.008999
v 0.004196 0.003121 0.009999
v 0.004997 0.002907 0.009000
v 0.004997 0.002907 0.010000
v 0.005797 0.003121 0.009000
v 0.005796 0.003122 0.010000
v 0.006382 0.003707 0.009000
v 0.006382 0.003708 0.010000
v 0.006596 0.004507 0.008999
v 0.006596 0.004508 0.009999
v 0.006382 0.005307 0.008999
v 0.006382 0.005308 0.009999
v 0.005796 0.005893 0.008998
v 0.005796 0.005893 0.009998
v 0.006575 0.090957 0.008947
v 0.008998 0.000008 0.009002
v 0.003375 0.090956 0.008946
v 0.003590 0.090156 0.008946
v 0.006360 0.091757 0.008946
v 0.005775 0.092343 0.008945
v 0.004975 0.092557 0.008945
v 0.004175 0.092342 0.008945
v 0.004175 0.089571 0.008947
v 0.004975 0.089357 0.008947
v 0.005775 0.089571 0.008947
v 0.006361 0.090157 0.008947
v 0.003589 0.091756 0.008945
v 0.004974 0.092557 0.009945
v 0.004174 0.092343 0.009945
v 0.003589 0.091757 0.009945
v 0.003375 0.090957 0.009946
v 0.003589 0.090157 0.009946
v 0.004175 0.089571 0.009947
v 0.004975 0.089357 0.009947
v 0.005775 0.089572 0.009947
v 0.006361 0.090158 0.009947
v 0.006575 0.090958 0.009947
v 0.006360 0.091758 0.009946
v 0.005774 0.092343 0.009945
v -0.000000 -0.000000 0.000000
v 0.008994 0.017506 0.006787
v 0.008994 0.016706 0.006573
v 0.008994 0.018891 0.004386
v 0.008973 0.100956 0.006736
v 0.008994 0.018305 0.003801
v 0.008973 0.100156 0.006523
v 0.008995 0.017504 0.003587
v 0.008974 0.099570 0.005937
v 0.008974 0.099355 0.005137
v 0.008973 0.102342 0.005936
v 0.008973 0.101756 0.006522
v 0.008994 0.016120 0.005988
v 0.008995 0.015905 0.005188
v 0.008995 0.016119 0.004388
v 0.008973 0.102341 0.004336
v 0.008973 0.102555 0.005136
v 0.008994 0.019105 0.005186
v 0.008994 0.018892 0.005986
v 0.008994 0.018306 0.006572
v 0.008974 0.099569 0.004337
v 0.008995 0.016705 0.003802
v 0.008974 0.100155 0.003751
v 0.008974 0.100954 0.003536
v 0.008974 0.101755 0.003750
v 0.034830 0.087286 0.538957
v 0.034830 0.086287 0.539957
v 0.034833 0.087281 0.530957
v 0.034833 0.086281 0.529957
v 0.034831 0.095281 0.530952
v 0.034831 0.096281 0.529951
v 0.034828 0.095286 0.538952
v 0.034828 0.096287 0.539951
v 0.028232 0.091280 0.530952
v 0.004831 0.092874 0.530945
v 0.005631 0.092660 0.530945
v 0.006217 0.092074 0.530946
v 0.006432 0.091274 0.530946
v 0.028446 0.090480 0.530953
v 0.006218 0.090474 0.530947
v 0.028446 0.092080 0.530952
v 0.029031 0.092666 0.530952
v 0.029831 0.092880 0.530952
v 0.030631 0.092666 0.530952
v 0.031217 0.092081 0.530953
v 0.031432 0.091281 0.530953
v 0.031218 0.090481 0.530954
v 0.004832 0.089674 0.530947
v 0.004032 0.089888 0.530947
v -0.218167 0.087219 0.530887
v 0.003446 0.090474 0.530946
v -0.218169 0.095219 0.530882
v 0.003232 0.091274 0.530946
v 0.003446 0.092074 0.530945
v 0.005632 0.089889 0.530947
v 0.029032 0.089894 0.530953
v 0.029832 0.089680 0.530954
v 0.030632 0.089895 0.530954
v 0.004031 0.092659 0.530945
v 0.015944 0.095279 0.534147
v -0.218171 0.095224 0.538882
v 0.015730 0.095279 0.534947
v 0.015944 0.095280 0.535747
v 0.016529 0.095280 0.536332
v 0.017329 0.095281 0.536547
v 0.018129 0.095281 0.536333
v 0.018715 0.095280 0.535747
v 0.018930 0.095280 0.534947
v 0.018715 0.095279 0.534147
v 0.018130 0.095279 0.533562
v 0.017330 0.095279 0.533347
v 0.016530 0.095278 0.533561
v 0.006429 0.091280 0.539946
v 0.006429 0.091279 0.538946
v 0.006215 0.090480 0.539947
v 0.006215 0.090479 0.538947
v 0.005630 0.089894 0.539947
v 0.005630 0.089893 0.538947
v 0.004830 0.089679 0.539947
v 0.004830 0.089679 0.538947
v 0.004030 0.089894 0.539947
v 0.004030 0.089893 0.538947
v 0.003444 0.090479 0.539946
v 0.003444 0.090479 0.538946
v 0.003229 0.091279 0.539946
v 0.003229 0.091278 0.538945
v 0.003443 0.092079 0.539945
v 0.003444 0.092079 0.538945
v 0.004029 0.092665 0.539945
v 0.004029 0.092664 0.538945
v 0.004829 0.092879 0.539945
v 0.004829 0.092879 0.538945
v 0.005629 0.092665 0.539945
v 0.005629 0.092665 0.538945
v 0.006215 0.092080 0.539946
v 0.006215 0.092079 0.538946
v -0.218170 0.087224 0.538887
v 0.029830 0.089685 0.538954
v 0.029030 0.089899 0.538953
v 0.030630 0.089900 0.538954
v 0.031215 0.090485 0.538954
v 0.031429 0.091285 0.538953
v 0.031215 0.092085 0.538953
v 0.030629 0.092671 0.538952
v 0.029829 0.092885 0.538952
v 0.029029 0.092671 0.538952
v 0.028444 0.092085 0.538952
v 0.028229 0.091285 0.538952
v 0.028444 0.090485 0.538953
v 0.031429 0.091286 0.539953
v 0.031215 0.090486 0.539954
v 0.030630 0.089900 0.539954
v 0.029830 0.089686 0.539954
v 0.029030 0.089900 0.539953
v 0.028444 0.090485 0.539953
v 0.028229 0.091285 0.539952
v 0.028443 0.092085 0.539952
v 0.029029 0.092671 0.539952
v 0.029829 0.092886 0.539952
v 0.030629 0.092672 0.539952
v 0.031215 0.092086 0.539953
v -0.218172 0.096224 0.539882
v -0.218170 0.086224 0.539888
v 0.015944 0.096279 0.534146
v -0.218169 0.096218 0.529882
v 0.015729 0.096279 0.534946
v 0.015943 0.096280 0.535746
v 0.018715 0.096280 0.535747
v 0.018929 0.096280 0.534947
v 0.018715 0.096279 0.534147
v 0.018129 0.096281 0.536332
v 0.017329 0.096281 0.536546
v 0.016529 0.096280 0.536332
v 0.016530 0.096279 0.533560
v 0.017330 0.096279 0.533346
v 0.018130 0.096279 0.533561
v -0.218167 0.086218 0.529888
v 0.018718 0.086279 0.534153
v 0.018132 0.086279 0.533567
v 0.017332 0.086279 0.533352
v 0.016532 0.086278 0.533567
v 0.015946 0.086279 0.534152
v 0.015732 0.086279 0.534952
v 0.015946 0.086280 0.535752
v 0.016531 0.086280 0.536338
v 0.017331 0.086281 0.536552
v 0.018131 0.086281 0.536338
v 0.018717 0.086280 0.535753
v 0.018932 0.086280 0.534953
v 0.015732 0.087279 0.534951
v 0.015946 0.087280 0.535751
v 0.016531 0.087280 0.536337
v 0.017331 0.087281 0.536552
v 0.018131 0.087281 0.536338
v 0.018717 0.087280 0.535752
v 0.018932 0.087280 0.534952
v 0.018717 0.087279 0.534152
v 0.018132 0.087279 0.533566
v 0.017332 0.087279 0.533352
v 0.016532 0.087279 0.533566
v 0.015946 0.087279 0.534151
v 0.009827 0.111273 0.529935
v 0.024827 0.111277 0.529939
v 0.009830 0.111267 0.519935
v 0.024830 0.111271 0.519939
v 0.009831 0.096275 0.529944
v 0.009833 0.096269 0.519944
v 0.022328 0.106278 0.529942
v 0.012328 0.106275 0.529939
v 0.022331 0.106272 0.519942
v 0.012331 0.106269 0.519939
v 0.022331 0.096278 0.529948
v 0.022333 0.096272 0.519948
v 0.024831 0.096278 0.529948
v 0.024833 0.096272 0.519948
v 0.012333 0.096269 0.519945
v 0.012331 0.096275 0.529945
vn -0.0004 0.2594 0.9658
vn -0.0002 0.2594 0.9658
vn -0.0003 0.7076 0.7067
vn -0.0003 0.7075 0.7067
vn -0.0003 0.9661 0.2582
vn -0.0002 0.9658 -0.2594
vn 0.0000 0.7067 -0.7075
vn 0.0000 0.7067 -0.7076
vn 0.0003 0.2582 -0.9661
vn 0.0003 -0.2595 -0.9657
vn 0.0003 -0.2594 -0.9658
vn 0.0004 -0.7075 -0.7067
vn 0.0003 -0.9661 -0.2582
vn 0.0002 -0.9658 0.2594
vn -0.0000 -0.7067 0.7075
vn 0.0001 -0.7066 0.7076
vn -0.0001 -0.2582 0.9661
vn -0.0002 -0.2583 0.9661
vn 1.0000 0.0002 0.0003
vn 1.0000 0.0004 0.0003
vn 1.0000 0.0003 0.0003
vn -0.0004 0.0006 1.0000
vn -0.0002 0.0006 1.0000
vn -0.0003 0.0006 1.0000
vn -1.0000 -0.0002 -0.0003
vn -1.0000 -0.0003 -0.0003
vn -1.0000 0.0001 -0.0004
vn -0.0002 1.0000 -0.0006
vn -0.0003 1.0000 -0.0006
vn -0.2591 0.0005 0.9659
vn -0.7073 0.0003 0.7069
vn -0.9660 -0.0001 0.2585
vn -0.9659 -0.0004 -0.2591
vn -0.9658 -0.0004 -0.2591
vn -0.7070 -0.0006 -0.7073
vn -0.7068 -0.0006 -0.7074
vn -0.2586 -0.0006 -0.9660
vn -0.2587 -0.0006 -0.9660
vn 0.2592 -0.0005 -0.9658
vn 0.2591 -0.0006 -0.9659
vn 0.7072 -0.0003 -0.7070
vn 0.7073 -0.0002 -0.7069
vn 0.9660 0.0001 -0.2585
vn 0.9658 0.0004 0.2591
vn 0.7070 0.0006 0.7073
vn 0.7069 0.0006 0.7073
vn 0.2585 0.0007 0.9660
vn 0.2586 0.0006 0.9660
vn 0.0002 -1.0000 0.0006
vn 0.0003 -1.0000 0.0006
vn 0.0003 -0.0006 -1.0000
vn -0.2592 0.0005 0.9658
vn -0.2590 0.0005 0.9659
vn -0.9660 -0.0001 0.2586
vn -0.7070 -0.0006 -0.7072
vn -0.2585 -0.0007 -0.9660
vn -0.2586 -0.0007 -0.9660
vn 0.2590 -0.0006 -0.9659
vn 0.7073 -0.0003 -0.7069
vn 0.7073 -0.0003 -0.7070
vn 0.9659 0.0004 0.2591
vn 0.7070 0.0006 0.7072
vn 0.2585 0.0006 0.9660
vn -0.2591 0.9659 -0.0006
vn -0.2591 0.9659 -0.0007
vn -0.2590 0.9659 -0.0007
vn -0.2589 0.9659 -0.0007
vn -0.2591 0.9658 -0.0007
vn -0.2588 0.9659 -0.0007
vn -0.2592 0.9658 -0.0007
vn -0.2587 0.9660 -0.0007
vn -0.2594 0.9658 -0.0007
vn -0.2584 0.9660 -0.0007
vn -0.2593 0.9658 -0.0007
vn -0.2583 0.9661 -0.0007
vn -0.2595 0.9658 -0.0007
vn -0.7073 0.7069 -0.0006
vn -0.9660 0.2586 -0.0004
vn 0.7073 -0.7069 0.0006
vn 0.2586 0.9660 -0.0005
vn 0.9659 0.2591 0.0001
vn 0.9659 0.2590 0.0001
vn 0.7069 0.7073 -0.0002
vn 0.2585 0.9660 -0.0005
vn 0.2587 0.9660 -0.0005
vn 0.2584 0.9660 -0.0005
vn 0.2588 0.9659 -0.0005
vn 0.2583 0.9661 -0.0005
vn 0.2589 0.9659 -0.0005
vn 0.2587 0.9659 -0.0005
vn 0.2591 0.9659 -0.0005
vn 0.2582 0.9661 -0.0005
vn 0.2581 0.9661 -0.0005
vn 0.2590 0.9659 -0.0005
vn -0.9762 0.2169 -0.0004
vn -0.9762 0.2167 -0.0004
vn 0.0002 0.3414 -0.9399
vn -0.0003 0.3426 0.9395
vn -0.0003 0.9795 0.2016
vn -0.0004 0.8195 0.5731
vn -0.0004 0.5255 0.8508
vn 0.9761 0.2171 0.0001
vn 0.9761 0.2172 0.0001
vn 0.9761 0.2173 0.0001
vn 0.0003 -0.0005 -1.0000
vn -0.0004 0.0005 1.0000
vn -0.0003 0.0007 1.0000
vn -0.0003 0.0005 1.0000
vn -0.9763 0.2165 -0.0004
vn -0.9763 0.2166 -0.0004
vn 0.0002 0.3415 -0.9399
vn 0.9761 0.2171 0.0002
vn 0.9762 0.2169 0.0001
vn 0.0001 0.5243 -0.8515
vn 0.0001 0.5244 -0.8515
vn -0.0000 0.8188 -0.5740
vn -0.0002 0.9792 -0.2028
vn -0.0004 0.3426 0.9395
vn -0.0004 0.8194 0.5732
vn -0.0000 0.8188 -0.5741
vn -0.0000 0.8189 -0.5740
vn -0.0003 0.9794 0.2017
vn -0.0004 0.8195 0.5730
vn -0.0004 0.5256 0.8508
vn -0.9762 0.2168 -0.0004
vn -0.9762 0.2166 -0.0004
vn 0.0001 0.5245 -0.8514
vn -0.0002 0.9792 -0.2029
vn 0.9762 0.2170 0.0001
vn -0.0003 0.5255 0.8508
vn -0.9762 0.2170 -0.0004
vn 0.9762 0.2168 0.0001
vn -0.9763 0.2164 -0.0004
vn 0.9760 0.2176 0.0001
vn 0.9760 0.2177 0.0001
vn -0.0003 0.9795 0.2017
vn -0.9763 0.2163 -0.0004
vn -0.0004 0.5254 0.8509
vn 0.9762 0.2171 0.0001
vn -0.9767 0.2148 -0.0004
vn 0.9763 0.2164 0.0001
vn -0.9766 0.2152 -0.0004
vn 0.9761 0.2172 0.0002
vn 0.9760 0.2179 0.0001
vn -0.0001 0.8188 -0.5741
vn 0.9761 0.2174 0.0001
vn -0.9765 0.2157 -0.0004
vn 0.9761 0.2175 0.0001
vn -0.9764 0.2160 -0.0004
vn -0.0004 0.5256 0.8507
vn -0.0001 0.8188 -0.5740
vn 0.0001 0.5244 -0.8514
vn 0.9760 0.2178 0.0001
vn -0.9760 0.2177 -0.0004
vn -0.9764 0.2161 -0.0004
vn -0.9763 0.2162 -0.0004
vn -0.0002 1.0000 -0.0007
vn -0.0002 1.0000 -0.0005
vn -0.0004 1.0000 -0.0006
vn -0.0005 1.0000 -0.0006
vn -0.0001 1.0000 -0.0006
vn -0.0003 1.0000 -0.0005
vn 0.7069 0.0006 0.7074
vn -0.7072 0.0002 0.7070
vn -0.7069 -0.0006 -0.7073
vn 0.2591 -0.0005 -0.9659
vn 0.2591 -0.0005 -0.9658
vn 0.9660 0.0001 -0.2586
vn -1.0000 -0.0002 -0.0002
vn -0.0002 0.0005 1.0000
vn -0.9659 -0.2591 -0.0001
vn -0.7069 -0.7073 0.0002
vn -0.2586 -0.9660 0.0005
vn 0.2591 -0.9659 0.0007
vn 0.2590 -0.9659 0.0007
vn 0.9660 -0.2586 0.0004
vn 0.7070 0.7072 -0.0002
vn -0.7072 0.7070 -0.0006
vn 0.0003 -0.0008 -1.0000
vn 0.0002 -0.0006 -1.0000
vn 0.0003 -0.0007 -1.0000
vn 0.0003 -0.0004 -1.0000
vn 0.0002 -0.0002 -1.0000
vn 0.0003 -0.0002 -1.0000
vn -0.9659 -0.2590 -0.0001
vn -0.7069 -0.7073 0.0003
vn 0.7073 -0.7070 0.0006
vn 0.9660 -0.2585 0.0004
vn 0.7069 0.7074 -0.0003
vn -0.9660 0.2585 -0.0004
vn 0.7068 0.0006 0.7074
vn 0.2588 0.0006 0.9659
vn -0.7073 0.0002 0.7069
vn -0.2588 -0.0006 -0.9659
vn -0.2585 -0.0006 -0.9660
vn 0.2591 -0.0006 -0.9658
vn 0.7074 -0.0002 -0.7068
vn -0.0003 0.0003 1.0000
vn -0.0001 0.0007 1.0000
vn -0.0003 0.0016 1.0000
vn -0.0003 0.0004 1.0000
vn -0.0002 0.0015 1.0000
vn -0.2585 -0.9660 0.0005
vn -0.2590 0.9659 -0.0006
vn -0.7073 0.7070 -0.0006
vn 0.0004 -0.0006 -1.0000
vn 0.0000 -0.0006 -1.0000
vn 0.0003 -0.0009 -1.0000
vn -0.7070 -0.7072 0.0002
vn 0.9658 0.2591 0.0001
vn -0.7074 0.7069 -0.0006
vn 0.7072 -0.7070 0.0006
vn 0.7069 0.7073 -0.0003
vn -0.0001 0.0006 1.0000
vn 0.0001 0.0006 1.0000
vn -0.0006 0.0006 1.0000
vn -0.0001 0.0005 1.0000
vn 0.0000 0.0006 1.0000
vn 0.2591 -0.9659 0.0006
vn -0.7070 -0.7073 0.0002
vn 0.0007 -0.0006 -1.0000
vn 0.0005 -0.0006 -1.0000
vn 0.0001 -0.0006 -1.0000
vn -0.0003 0.9661 0.2583
vn -0.0004 0.7075 0.7067
vn -0.0004 0.7076 0.7067
vn -0.0003 0.2594 0.9658
vn -0.0001 -0.7067 0.7076
vn 0.0001 -0.7067 0.7075
vn 0.0001 -0.9658 0.2594
vn 0.0004 -0.7076 -0.7067
vn 0.0004 -0.2594 -0.9658
vn 0.0001 0.2582 -0.9661
vn 0.0001 0.2583 -0.9661
vn 0.0001 0.7066 -0.7076
vn -0.0001 0.9658 -0.2594
vn 1.0000 0.0002 0.0002
vn 0.7070 0.7073 -0.0002
vn -0.0004 -0.0006 -1.0000
vn 0.0008 -0.0006 -1.0000
vn -0.9660 0.2586 -0.0005
vn -0.9658 -0.2591 -0.0001
vn -0.0007 0.0006 1.0000
vn 1.0000 0.0002 0.0004
vn 1.0000 0.0003 0.0002
vn -0.0004 0.9661 0.2583
vn -0.0002 -0.2582 0.9661
vn 0.0003 -0.9661 -0.2583
vn 0.0002 0.2583 -0.9661
vn -0.0001 0.7067 -0.7075
vn -0.0003 -0.2582 0.9661
vn 0.0005 -0.7075 -0.7067
vn 0.0005 -0.2594 -0.9658
vn 0.0002 0.2582 -0.9661
vn 0.0001 0.7067 -0.7076
vn -0.0001 -0.7066 0.7076
vn -0.0001 -0.7067 0.7075
vn -1.0000 -0.0003 -0.0002
vn 0.0003 0.2583 -0.9661
vn 0.0004 0.2583 -0.9661
vn 1.0000 0.0003 0.0004
vn -0.0002 0.0007 1.0000
vn -0.0005 0.0007 1.0000
vn -0.0005 -0.0006 -1.0000
vn 0.0000 -0.0007 -1.0000
vn 0.0006 -0.0006 -1.0000
vn -0.0003 -0.2583 0.9661
vn 0.0001 -0.7067 0.7076
vn 0.0004 -0.7076 -0.7066
vn -0.0003 0.7076 0.7066
vn 0.0004 -0.9661 -0.2582
vn -0.0008 0.0006 1.0000
vn -1.0000 -0.0001 -0.0003
vn 0.0003 -1.0000 0.0007
vn 0.2586 0.0007 0.9660
vn 0.0002 -1.0000 0.0007
vn 0.2589 -0.0006 -0.9659
vn -0.2591 0.0006 0.9659
vn 0.0002 -1.0000 0.0005
vn -0.7070 -0.7072 0.0003
vn 0.0002 -0.0007 -1.0000
vn 0.0003 -0.0003 -1.0000
vn -0.0003 0.0009 1.0000
vn 0.0000 -0.0005 -1.0000
vn 0.2590 -0.0005 -0.9659
vn -0.7074 0.0002 0.7069
vn 0.2584 0.0006 0.9660
usemtl None
s off
f 1//1 2//1 3//1
f 3//2 2//2 4//2
f 3//3 4//3 5//3
f 5//4 4//4 6//4
f 5//5 6//5 7//5
f 7//5 6//5 8//5
f 7//6 8//6 9//6
f 9//6 8//6 10//6
f 9//7 10//7 11//7
f 11//8 10//8 12//8
f 11//9 12//9 13//9
f 13//9 12//9 14//9
f 13//10 14//10 15//10
f 15//11 14//11 16//11
f 15//12 16//12 17//12
f 17//12 16//12 18//12
f 17//13 18//13 19//13
f 19//13 18//13 20//13
f 19//14 20//14 21//14
f 21//14 20//14 22//14
f 21//15 22//15 23//15
f 23//16 22//16 24//16
f 23//17 24//17 1//17
f 1//18 24//18 2//18
f 25//19 26//19 7//19
f 7//20 26//20 5//20
f 7//21 9//21 25//21
f 25//21 9//21 11//21
f 25//19 11//19 27//19
f 27//21 11//21 13//21
f 27//19 13//19 15//19
f 21//19 28//19 19//19
f 19//19 28//19 27//19
f 19//19 27//19 17//19
f 17//19 27//19 15//19
f 21//21 23//21 28//21
f 28//19 23//19 1//19
f 28//19 1//19 26//19
f 26//21 1//21 3//21
f 26//19 3//19 5//19
f 29//22 30//22 31//22
f 31//23 30//23 32//23
f 31//24 32//24 27//24
f 27//24 32//24 33//24
f 27//24 33//24 25//24
f 25//23 33//23 34//23
f 25//24 34//24 29//24
f 29//24 34//24 30//24
f 18//25 16//25 33//25
f 33//26 16//26 14//26
f 33//25 14//25 34//25
f 34//26 14//26 12//26
f 2//25 24//25 35//25
f 35//25 24//25 22//25
f 35//26 22//26 33//26
f 33//27 22//27 20//27
f 33//26 20//26 18//26
f 12//25 10//25 34//25
f 34//25 10//25 8//25
f 34//25 8//25 36//25
f 36//25 8//25 6//25
f 36//25 6//25 35//25
f 35//26 6//26 4//26
f 35//26 4//26 2//26
f 37//28 38//28 32//28
f 39//29 40//29 41//29
f 38//29 42//29 32//29
f 32//28 42//28 43//28
f 32//28 43//28 33//28
f 33//28 43//28 44//28
f 33//29 44//29 45//29
f 40//28 46//28 41//28
f 41//29 46//29 47//29
f 41//28 47//28 32//28
f 32//29 47//29 48//29
f 32//28 48//28 37//28
f 45//28 49//28 33//28
f 33//28 49//28 39//28
f 33//28 39//28 35//28
f 35//28 39//28 41//28
f 46//30 50//30 47//30
f 47//30 50//30 51//30
f 47//31 51//31 48//31
f 48//31 51//31 52//31
f 48//32 52//32 37//32
f 37//32 52//32 53//32
f 37//33 53//33 38//33
f 38//34 53//34 54//34
f 38//35 54//35 42//35
f 42//36 54//36 55//36
f 42//37 55//37 43//37
f 43//38 55//38 56//38
f 43//39 56//39 44//39
f 44//40 56//40 57//40
f 44//41 57//41 45//41
f 45//42 57//42 58//42
f 45//43 58//43 49//43
f 49//43 58//43 59//43
f 49//44 59//44 39//44
f 39//44 59//44 60//44
f 39//45 60//45 40//45
f 40//46 60//46 61//46
f 40//47 61//47 46//47
f 46//48 61//48 50//48
f 59//49 58//49 27//49
f 59//50 27//50 60//50
f 60//49 27//49 28//49
f 60//49 28//49 61//49
f 58//50 57//50 27//50
f 27//49 57//49 56//49
f 27//49 56//49 31//49
f 31//49 56//49 55//49
f 31//50 55//50 54//50
f 54//50 53//50 31//50
f 31//49 53//49 52//49
f 31//49 52//49 62//49
f 62//50 52//50 51//50
f 62//49 51//49 28//49
f 28//49 51//49 50//49
f 28//50 50//50 61//50
f 26//51 36//51 28//51
f 28//51 36//51 35//51
f 28//51 35//51 62//51
f 62//51 35//51 41//51
f 62//51 41//51 63//51
f 63//51 41//51 64//51
f 63//51 64//51 26//51
f 26//51 64//51 36//51
f 64//19 41//19 30//19
f 30//19 41//19 32//19
f 36//49 65//49 34//49
f 34//49 65//49 66//49
f 34//50 66//50 67//50
f 67//49 68//49 34//49
f 34//49 68//49 69//49
f 34//49 69//49 30//49
f 30//50 69//50 70//50
f 30//49 70//49 71//49
f 71//49 72//49 30//49
f 30//50 72//50 73//50
f 30//49 73//49 64//49
f 73//49 74//49 64//49
f 64//50 74//50 75//50
f 64//49 75//49 36//49
f 36//49 75//49 76//49
f 36//49 76//49 65//49
f 77//52 75//52 78//52
f 78//53 75//53 74//53
f 78//31 74//31 79//31
f 79//31 74//31 73//31
f 79//32 73//32 80//32
f 80//54 73//54 72//54
f 80//33 72//33 81//33
f 81//34 72//34 71//34
f 81//36 71//36 82//36
f 82//55 71//55 70//55
f 82//56 70//56 83//56
f 83//57 70//57 69//57
f 83//58 69//58 84//58
f 84//40 69//40 68//40
f 84//59 68//59 85//59
f 85//60 68//60 67//60
f 85//43 67//43 86//43
f 86//43 67//43 66//43
f 86//61 66//61 87//61
f 87//44 66//44 65//44
f 87//62 65//62 88//62
f 88//46 65//46 76//46
f 88//63 76//63 77//63
f 77//47 76//47 75//47
f 63//28 26//28 77//28
f 81//28 82//28 29//28
f 29//28 82//28 83//28
f 29//28 83//28 25//28
f 25//28 83//28 84//28
f 25//29 84//29 85//29
f 77//28 78//28 63//28
f 63//29 78//29 79//29
f 63//28 79//28 29//28
f 29//28 79//28 80//28
f 29//29 80//29 81//29
f 85//28 86//28 25//28
f 25//29 86//29 87//29
f 25//28 87//28 26//28
f 26//28 87//28 88//28
f 26//29 88//29 77//29
f 62//25 63//25 31//25
f 31//25 63//25 29//25
f 89//28 90//28 91//28
f 91//28 90//28 92//28
f 93//64 94//64 95//64
f 95//65 94//65 96//65
f 95//66 96//66 97//66
f 97//66 98//66 95//66
f 95//66 98//66 99//66
f 95//65 99//65 100//65
f 100//67 101//67 95//67
f 95//65 101//65 102//65
f 95//68 102//68 103//68
f 103//68 104//68 95//68
f 95//68 104//68 105//68
f 95//69 105//69 106//69
f 106//65 107//65 95//65
f 95//68 107//68 108//68
f 95//70 108//70 109//70
f 109//65 110//65 95//65
f 95//65 110//65 111//65
f 95//71 111//71 112//71
f 112//68 113//68 95//68
f 95//72 113//72 114//72
f 95//71 114//71 115//71
f 115//70 116//70 95//70
f 95//72 116//72 117//72
f 95//73 117//73 118//73
f 118//70 119//70 95//70
f 95//67 119//67 120//67
f 95//74 120//74 121//74
f 121//72 122//72 95//72
f 95//75 122//75 123//75
f 95//68 123//68 124//68
f 124//74 125//74 95//74
f 95//69 125//69 126//69
f 95//65 126//65 127//65
f 127//65 128//65 95//65
f 95//67 128//67 129//67
f 95//76 129//76 130//76
f 131//71 132//71 133//71
f 131//74 133//74 130//74
f 132//70 134//70 133//70
f 133//70 134//70 135//70
f 133//66 135//66 136//66
f 136//67 137//67 133//67
f 133//74 137//74 138//74
f 133//66 138//66 139//66
f 139//68 140//68 133//68
f 133//67 140//67 141//67
f 133//66 141//66 142//66
f 142//74 143//74 133//74
f 133//66 143//66 144//66
f 133//68 144//68 145//68
f 145//67 146//67 133//67
f 133//70 146//70 147//70
f 133//66 147//66 148//66
f 148//68 149//68 133//68
f 133//66 149//66 150//66
f 133//65 150//65 151//65
f 151//66 152//66 133//66
f 133//65 152//65 153//65
f 133//65 153//65 154//65
f 154//65 155//65 133//65
f 133//65 155//65 156//65
f 133//66 156//66 157//66
f 157//65 158//65 133//65
f 133//66 158//66 159//66
f 133//65 159//65 160//65
f 130//65 133//65 95//65
f 95//77 133//77 161//77
f 95//77 161//77 162//77
f 162//78 161//78 163//78
f 162//78 163//78 164//78
f 165//26 164//26 166//26
f 166//25 164//25 163//25
f 167//79 168//79 169//79
f 169//79 168//79 170//79
f 171//50 172//50 173//50
f 173//49 172//49 174//49
f 175//80 176//80 177//80
f 178//81 179//81 180//81
f 178//82 180//82 181//82
f 181//83 180//83 182//83
f 181//83 182//83 177//83
f 183//80 184//80 182//80
f 182//80 184//80 185//80
f 182//80 185//80 186//80
f 186//80 187//80 182//80
f 182//80 187//80 188//80
f 182//80 188//80 189//80
f 189//84 190//84 182//84
f 182//80 190//80 191//80
f 182//80 191//80 192//80
f 192//80 193//80 182//80
f 182//85 193//85 194//85
f 182//86 194//86 195//86
f 195//85 196//85 182//85
f 182//86 196//86 197//86
f 182//80 197//80 198//80
f 198//85 199//85 182//85
f 182//84 199//84 200//84
f 182//87 200//87 201//87
f 201//86 202//86 182//86
f 182//88 202//88 203//88
f 182//85 203//85 204//85
f 204//84 205//84 182//84
f 182//85 205//85 206//85
f 182//89 206//89 207//89
f 207//88 208//88 182//88
f 182//90 208//90 209//90
f 182//84 209//84 210//84
f 210//87 211//87 182//87
f 182//86 211//86 212//86
f 182//89 212//89 213//89
f 213//89 214//89 182//89
f 182//88 214//88 215//88
f 182//80 215//80 216//80
f 216//91 217//91 182//91
f 182//87 217//87 218//87
f 182//86 218//86 219//86
f 219//84 220//84 182//84
f 182//92 220//92 221//92
f 182//80 221//80 177//80
f 177//80 221//80 222//80
f 177//84 222//84 223//84
f 223//84 224//84 177//84
f 177//80 224//80 225//80
f 177//89 225//89 226//89
f 226//80 227//80 177//80
f 177//93 227//93 228//93
f 177//87 228//87 229//87
f 229//80 230//80 177//80
f 177//94 230//94 231//94
f 177//86 231//86 232//86
f 232//89 233//89 177//89
f 177//92 233//92 234//92
f 177//85 234//85 235//85
f 235//87 236//87 177//87
f 177//88 236//88 237//88
f 177//84 237//84 238//84
f 238//89 239//89 177//89
f 177//84 239//84 240//84
f 177//80 240//80 241//80
f 241//86 242//86 177//86
f 177//85 242//85 243//85
f 177//85 243//85 244//85
f 244//84 245//84 177//84
f 177//80 245//80 246//80
f 177//80 246//80 175//80
f 247//95 248//95 249//95
f 249//95 248//95 250//95
f 249//96 250//96 251//96
f 252//96 253//96 254//96
f 254//96 253//96 255//96
f 254//96 255//96 256//96
f 256//96 255//96 251//96
f 256//96 251//96 257//96
f 257//96 251//96 250//96
f 253//97 258//97 255//97
f 255//97 258//97 259//97
f 258//28 253//28 260//28
f 260//28 253//28 252//28
f 252//98 254//98 260//98
f 260//98 254//98 261//98
f 250//99 262//99 263//99
f 250//99 263//99 257//99
f 257//100 263//100 264//100
f 257//100 264//100 256//100
f 256//101 264//101 261//101
f 256//101 261//101 254//101
f 265//102 266//102 262//102
f 262//103 266//103 267//103
f 258//103 260//103 259//103
f 259//103 260//103 261//103
f 259//104 261//104 268//104
f 268//103 261//103 264//103
f 268//103 264//103 267//103
f 267//103 264//103 263//103
f 267//103 263//103 262//103
f 269//51 169//51 248//51
f 248//51 169//51 160//51
f 169//51 170//51 166//51
f 179//51 173//51 174//51
f 133//51 160//51 161//51
f 161//51 160//51 169//51
f 161//51 169//51 163//51
f 163//51 169//51 166//51
f 247//105 266//105 248//105
f 248//51 266//51 265//51
f 248//51 265//51 269//51
f 269//51 265//51 270//51
f 269//51 270//51 174//51
f 174//51 270//51 183//51
f 183//51 182//51 174//51
f 174//51 182//51 180//51
f 174//51 180//51 179//51
f 178//21 171//21 179//21
f 179//19 171//19 173//19
f 271//24 90//24 89//24
f 167//24 272//24 273//24
f 176//23 274//23 272//23
f 272//24 274//24 271//24
f 272//24 271//24 273//24
f 273//24 271//24 89//24
f 165//24 168//24 164//24
f 164//24 168//24 167//24
f 172//24 171//24 272//24
f 272//24 171//24 178//24
f 162//106 164//106 95//106
f 95//24 164//24 167//24
f 95//107 167//107 93//107
f 93//24 167//24 273//24
f 178//108 181//108 272//108
f 272//107 181//107 177//107
f 272//107 177//107 176//107
f 275//109 276//109 277//109
f 89//96 91//96 273//96
f 273//96 91//96 278//96
f 273//96 278//96 277//96
f 277//110 278//110 279//110
f 277//96 279//96 275//96
f 278//111 91//111 280//111
f 280//111 91//111 92//111
f 92//112 90//112 280//112
f 280//103 90//103 271//103
f 280//102 271//102 281//102
f 281//103 271//103 282//103
f 281//103 282//103 283//103
f 283//113 282//113 284//113
f 278//114 280//114 281//114
f 278//115 281//115 279//115
f 279//116 281//116 283//116
f 279//116 283//116 275//116
f 275//117 283//117 284//117
f 275//117 284//117 276//117
f 285//111 286//111 287//111
f 287//111 286//111 288//111
f 289//28 290//28 286//28
f 286//28 290//28 288//28
f 289//98 291//98 290//98
f 290//118 291//118 292//118
f 293//99 294//99 295//99
f 293//99 295//99 296//99
f 296//119 295//119 297//119
f 296//100 297//100 298//100
f 298//101 297//101 292//101
f 298//101 292//101 291//101
f 299//96 300//96 296//96
f 296//110 300//110 301//110
f 296//110 301//110 293//110
f 291//96 289//96 286//96
f 296//96 298//96 299//96
f 299//96 298//96 291//96
f 299//96 291//96 285//96
f 285//96 291//96 286//96
f 285//115 287//115 302//115
f 285//114 302//114 299//114
f 299//120 302//120 303//120
f 299//121 303//121 300//121
f 300//117 303//117 304//117
f 300//117 304//117 301//117
f 294//104 304//104 295//104
f 295//104 304//104 303//104
f 295//103 303//103 302//103
f 288//103 290//103 287//103
f 287//103 290//103 292//103
f 287//102 292//102 302//102
f 302//102 292//102 297//102
f 302//103 297//103 295//103
f 305//111 306//111 307//111
f 307//97 306//97 308//97
f 309//28 310//28 306//28
f 306//28 310//28 308//28
f 309//98 311//98 310//98
f 310//98 311//98 312//98
f 313//99 314//99 315//99
f 313//122 315//122 316//122
f 316//100 315//100 317//100
f 316//123 317//123 318//123
f 318//101 317//101 312//101
f 318//124 312//124 311//124
f 319//96 320//96 316//96
f 316//110 320//110 321//110
f 316//109 321//109 313//109
f 311//96 309//96 306//96
f 316//125 318//125 319//125
f 319//126 318//126 311//126
f 319//96 311//96 305//96
f 305//96 311//96 306//96
f 305//127 307//127 322//127
f 305//115 322//115 319//115
f 319//120 322//120 323//120
f 319//116 323//116 320//116
f 320//117 323//117 324//117
f 320//128 324//128 321//128
f 314//129 324//129 315//129
f 315//104 324//104 323//104
f 315//103 323//103 322//103
f 308//103 310//103 307//103
f 307//103 310//103 312//103
f 307//102 312//102 322//102
f 322//102 312//102 317//102
f 322//104 317//104 315//104
f 325//111 326//111 327//111
f 327//111 326//111 328//111
f 329//28 330//28 326//28
f 326//28 330//28 328//28
f 329//98 331//98 330//98
f 330//98 331//98 332//98
f 333//99 334//99 335//99
f 333//99 335//99 336//99
f 336//100 335//100 337//100
f 336//123 337//123 338//123
f 338//101 337//101 332//101
f 338//101 332//101 331//101
f 338//110 339//110 336//110
f 336//125 339//125 340//125
f 336//125 340//125 333//125
f 329//96 326//96 331//96
f 331//96 326//96 325//96
f 331//96 325//96 338//96
f 338//110 325//110 341//110
f 338//110 341//110 339//110
f 325//115 327//115 342//115
f 325//115 342//115 341//115
f 341//120 342//120 343//120
f 341//120 343//120 339//120
f 339//117 343//117 344//117
f 339//117 344//117 340//117
f 335//102 334//102 344//102
f 327//103 328//103 330//103
f 344//103 343//103 335//103
f 335//103 343//103 342//103
f 335//102 342//102 337//102
f 337//102 342//102 327//102
f 337//103 327//103 332//103
f 332//103 327//103 330//103
f 345//97 346//97 347//97
f 347//111 346//111 348//111
f 349//28 350//28 346//28
f 346//29 350//29 348//29
f 349//98 351//98 350//98
f 350//98 351//98 352//98
f 353//99 354//99 355//99
f 353//99 355//99 356//99
f 356//100 355//100 357//100
f 356//100 357//100 358//100
f 358//101 357//101 352//101
f 358//101 352//101 351//101
f 359//110 360//110 356//110
f 356//95 360//95 361//95
f 356//125 361//125 353//125
f 351//96 349//96 346//96
f 356//125 358//125 359//125
f 359//110 358//110 351//110
f 359//125 351//125 345//125
f 345//96 351//96 346//96
f 345//115 347//115 362//115
f 345//127 362//127 359//127
f 359//116 362//116 363//116
f 359//116 363//116 360//116
f 360//117 363//117 364//117
f 360//117 364//117 361//117
f 354//103 364//103 355//103
f 355//104 364//104 363//104
f 355//103 363//103 362//103
f 348//103 350//103 347//103
f 347//103 350//103 352//103
f 347//102 352//102 362//102
f 362//102 352//102 357//102
f 362//104 357//104 355//104
f 365//97 366//97 367//97
f 367//97 366//97 368//97
f 369//28 370//28 366//28
f 366//29 370//29 368//29
f 369//98 371//98 370//98
f 370//98 371//98 372//98
f 373//99 374//99 375//99
f 373//99 375//99 376//99
f 376//123 375//123 377//123
f 376//100 377//100 378//100
f 378//130 377//130 372//130
f 378//101 372//101 371//101
f 379//125 380//125 376//125
f 376//110 380//110 381//110
f 376//131 381//131 373//131
f 371//96 369//96 366//96
f 376//110 378//110 379//110
f 379//96 378//96 371//96
f 379//96 371//96 365//96
f 365//96 371//96 366//96
f 365//115 367//115 382//115
f 365//127 382//127 379//127
f 379//116 382//116 383//116
f 379//116 383//116 380//116
f 380//117 383//117 384//117
f 380//117 384//117 381//117
f 374//102 384//102 375//102
f 375//132 384//132 383//132
f 375//104 383//104 382//104
f 368//103 370//103 367//103
f 367//103 370//103 372//103
f 367//102 372//102 382//102
f 382//102 372//102 377//102
f 382//103 377//103 375//103
f 385//111 386//111 387//111
f 387//111 386//111 388//111
f 389//28 390//28 386//28
f 386//28 390//28 388//28
f 389//98 391//98 390//98
f 390//98 391//98 392//98
f 393//99 394//99 395//99
f 393//99 395//99 396//99
f 396//100 395//100 397//100
f 396//100 397//100 398//100
f 398//101 397//101 392//101
f 398//101 392//101 391//101
f 399//96 400//96 396//96
f 396//110 400//110 401//110
f 396//133 401//133 393//133
f 391//96 389//96 386//96
f 396//96 398//96 399//96
f 399//96 398//96 391//96
f 399//110 391//110 385//110
f 385//96 391//96 386//96
f 385//115 387//115 402//115
f 385//115 402//115 399//115
f 399//120 402//120 403//120
f 399//120 403//120 400//120
f 400//117 403//117 404//117
f 400//117 404//117 401//117
f 402//103 395//103 403//103
f 403//134 395//134 394//134
f 403//132 394//132 404//132
f 388//103 390//103 387//103
f 387//103 390//103 392//103
f 387//103 392//103 402//103
f 402//102 392//102 397//102
f 402//102 397//102 395//102
f 405//28 406//28 407//28
f 407//28 406//28 408//28
f 405//98 409//98 406//98
f 406//118 409//118 410//118
f 411//99 412//99 413//99
f 411//99 413//99 414//99
f 414//123 413//123 415//123
f 414//100 415//100 416//100
f 416//101 415//101 410//101
f 416//101 410//101 409//101
f 417//110 418//110 411//110
f 409//96 405//96 407//96
f 411//110 414//110 417//110
f 417//96 414//96 416//96
f 417//96 416//96 419//96
f 419//96 416//96 409//96
f 419//96 409//96 420//96
f 420//96 409//96 407//96
f 420//97 407//97 421//97
f 421//111 407//111 408//111
f 422//103 412//103 423//103
f 423//135 412//135 424//135
f 421//103 408//103 406//103
f 406//103 410//103 421//103
f 421//103 410//103 415//103
f 421//102 415//102 422//102
f 422//103 415//103 413//103
f 422//102 413//102 412//102
f 425//111 426//111 427//111
f 427//97 426//97 428//97
f 429//28 430//28 426//28
f 426//28 430//28 428//28
f 429//98 431//98 430//98
f 430//98 431//98 432//98
f 433//136 434//136 435//136
f 433//99 435//99 436//99
f 436//100 435//100 437//100
f 436//100 437//100 438//100
f 438//101 437//101 432//101
f 438//124 432//124 431//124
f 439//96 440//96 436//96
f 436//110 440//110 441//110
f 436//137 441//137 433//137
f 431//96 429//96 426//96
f 436//125 438//125 439//125
f 439//110 438//110 431//110
f 439//110 431//110 425//110
f 425//96 431//96 426//96
f 425//115 427//115 442//115
f 425//115 442//115 439//115
f 439//121 442//121 443//121
f 439//116 443//116 440//116
f 440//117 443//117 444//117
f 440//117 444//117 441//117
f 435//129 434//129 444//129
f 427//103 428//103 430//103
f 444//104 443//104 435//104
f 435//104 443//104 442//104
f 435//103 442//103 437//103
f 437//102 442//102 427//102
f 437//102 427//102 432//102
f 432//103 427//103 430//103
f 445//111 446//111 447//111
f 447//111 446//111 448//111
f 449//28 450//28 446//28
f 446//28 450//28 448//28
f 449//98 451//98 450//98
f 450//98 451//98 452//98
f 453//99 454//99 455//99
f 453//99 455//99 456//99
f 456//100 455//100 457//100
f 456//100 457//100 458//100
f 458//101 457//101 452//101
f 458//138 452//138 451//138
f 459//110 460//110 456//110
f 456//95 460//95 461//95
f 456//96 461//96 453//96
f 451//96 449//96 446//96
f 456//96 458//96 459//96
f 459//96 458//96 451//96
f 459//125 451//125 445//125
f 445//96 451//96 446//96
f 445//115 447//115 462//115
f 445//115 462//115 459//115
f 459//120 462//120 463//120
f 459//116 463//116 460//116
f 460//117 463//117 464//117
f 460//117 464//117 461//117
f 454//129 464//129 455//129
f 455//104 464//104 463//104
f 455//139 463//139 462//139
f 448//103 450//103 447//103
f 447//103 450//103 452//103
f 447//102 452//102 462//102
f 462//102 452//102 457//102
f 462//104 457//104 455//104
f 465//97 466//97 467//97
f 467//111 466//111 468//111
f 469//28 470//28 466//28
f 466//28 470//28 468//28
f 469//98 471//98 470//98
f 470//98 471//98 472//98
f 473//125 474//125 475//125
f 475//133 474//133 476//133
f 471//96 469//96 466//96
f 466//96 465//96 471//96
f 471//110 465//110 477//110
f 471//96 477//96 473//96
f 473//125 477//125 478//125
f 473//110 478//110 474//110
f 465//115 467//115 479//115
f 465//127 479//127 477//127
f 477//116 479//116 480//116
f 477//120 480//120 478//120
f 478//117 480//117 481//117
f 478//117 481//117 474//117
f 482//104 483//104 481//104
f 467//103 468//103 470//103
f 481//129 480//129 482//129
f 482//103 480//103 479//103
f 482//103 479//103 484//103
f 484//103 479//103 467//103
f 484//103 467//103 472//103
f 472//103 467//103 470//103
f 485//28 486//28 487//28
f 487//28 486//28 488//28
f 485//98 489//98 486//98
f 486//98 489//98 490//98
f 491//96 492//96 493//96
f 489//96 485//96 487//96
f 493//140 494//140 491//140
f 491//96 494//96 495//96
f 491//96 495//96 496//96
f 496//96 495//96 489//96
f 496//96 489//96 497//96
f 497//96 489//96 487//96
f 497//111 487//111 498//111
f 498//97 487//97 488//97
f 499//103 500//103 501//103
f 498//103 488//103 486//103
f 501//141 502//141 499//141
f 499//103 502//103 503//103
f 499//103 503//103 504//103
f 504//102 503//102 498//102
f 504//129 498//129 490//129
f 490//103 498//103 486//103
f 505//28 506//28 507//28
f 507//28 506//28 508//28
f 505//98 509//98 506//98
f 506//98 509//98 510//98
f 511//109 512//109 513//109
f 509//96 505//96 507//96
f 513//142 514//142 511//142
f 511//96 514//96 515//96
f 511//96 515//96 516//96
f 516//96 515//96 509//96
f 516//110 509//110 517//110
f 517//96 509//96 507//96
f 517//97 507//97 518//97
f 518//111 507//111 508//111
f 519//103 520//103 521//103
f 518//143 508//143 506//143
f 521//134 522//134 519//134
f 519//103 522//103 523//103
f 519//103 523//103 524//103
f 524//102 523//102 518//102
f 524//129 518//129 510//129
f 510//103 518//103 506//103
f 525//28 526//28 527//28
f 527//28 526//28 528//28
f 525//98 529//98 526//98
f 526//98 529//98 530//98
f 531//96 532//96 533//96
f 529//96 525//96 527//96
f 533//96 534//96 531//96
f 531//110 534//110 535//110
f 531//96 535//96 536//96
f 536//96 535//96 529//96
f 536//96 529//96 537//96
f 537//96 529//96 527//96
f 537//97 527//97 538//97
f 538//97 527//97 528//97
f 539//103 540//103 541//103
f 538//103 528//103 526//103
f 541//144 542//144 539//144
f 539//139 542//139 543//139
f 539//102 543//102 544//102
f 544//103 543//103 538//103
f 544//103 538//103 530//103
f 530//103 538//103 526//103
f 545//111 546//111 547//111
f 547//97 546//97 548//97
f 549//28 550//28 546//28
f 546//28 550//28 548//28
f 549//98 551//98 550//98
f 550//98 551//98 552//98
f 553//96 554//96 555//96
f 555//137 554//137 556//137
f 551//96 549//96 546//96
f 546//96 545//96 551//96
f 551//96 545//96 557//96
f 551//96 557//96 553//96
f 553//96 557//96 558//96
f 553//96 558//96 554//96
f 545//114 547//114 559//114
f 545//127 559//127 557//127
f 557//116 559//116 560//116
f 557//145 560//145 558//145
f 558//117 560//117 561//117
f 558//117 561//117 554//117
f 562//103 563//103 561//103
f 547//103 548//103 550//103
f 561//102 560//102 562//102
f 562//103 560//103 559//103
f 562//103 559//103 564//103
f 564//103 559//103 547//103
f 564//139 547//139 552//139
f 552//103 547//103 550//103
f 565//97 566//97 567//97
f 567//111 566//111 568//111
f 569//28 570//28 566//28
f 566//28 570//28 568//28
f 569//98 571//98 570//98
f 570//98 571//98 572//98
f 573//99 574//99 575//99
f 573//99 575//99 576//99
f 576//100 575//100 577//100
f 576//100 577//100 578//100
f 578//101 577//101 572//101
f 578//101 572//101 571//101
f 579//96 580//96 576//96
f 576//96 580//96 581//96
f 576//125 581//125 573//125
f 571//96 569//96 566//96
f 576//96 578//96 579//96
f 579//125 578//125 571//125
f 579//96 571//96 565//96
f 565//96 571//96 566//96
f 565//127 567//127 582//127
f 565//127 582//127 579//127
f 579//120 582//120 583//120
f 579//116 583//116 580//116
f 580//117 583//117 584//117
f 580//117 584//117 581//117
f 574//102 584//102 575//102
f 575//103 584//103 583//103
f 575//102 583//102 582//102
f 568//103 570//103 567//103
f 567//103 570//103 572//103
f 567//103 572//103 582//103
f 582//102 572//102 577//102
f 582//103 577//103 575//103
f 585//111 586//111 587//111
f 587//97 586//97 588//97
f 589//28 590//28 586//28
f 586//28 590//28 588//28
f 589//98 591//98 590//98
f 590//98 591//98 592//98
f 593//96 594//96 595//96
f 595//133 594//133 596//133
f 591//96 589//96 586//96
f 586//96 585//96 591//96
f 591//110 585//110 597//110
f 591//96 597//96 593//96
f 593//96 597//96 598//96
f 593//96 598//96 594//96
f 585//115 587//115 599//115
f 585//115 599//115 597//115
f 597//116 599//116 600//116
f 597//116 600//116 598//116
f 598//128 600//128 601//128
f 598//117 601//117 594//117
f 602//103 603//103 601//103
f 587//103 588//103 590//103
f 601//129 600//129 602//129
f 602//103 600//103 599//103
f 602//103 599//103 604//103
f 604//102 599//102 587//102
f 604//102 587//102 592//102
f 592//103 587//103 590//103
f 605//111 606//111 607//111
f 607//97 606//97 608//97
f 609//28 610//28 606//28
f 606//28 610//28 608//28
f 609//98 611//98 610//98
f 610//98 611//98 612//98
f 613//99 614//99 615//99
f 613//136 615//136 616//136
f 616//100 615//100 617//100
f 616//123 617//123 618//123
f 618//101 617//101 612//101
f 618//101 612//101 611//101
f 619//125 613//125 620//125
f 620//137 613//137 616//137
f 620//96 616//96 621//96
f 611//96 609//96 606//96
f 616//96 618//96 621//96
f 621//96 618//96 611//96
f 621//96 611//96 605//96
f 605//96 611//96 606//96
f 605//115 607//115 622//115
f 605//127 622//127 621//127
f 621//116 622//116 623//116
f 621//145 623//145 620//145
f 620//117 623//117 624//117
f 620//117 624//117 619//117
f 622//103 615//103 623//103
f 623//146 615//146 614//146
f 623//132 614//132 624//132
f 608//103 610//103 607//103
f 607//103 610//103 612//103
f 607//102 612//102 622//102
f 622//103 612//103 617//103
f 622//139 617//139 615//139
f 625//97 626//97 627//97
f 627//111 626//111 628//111
f 629//28 630//28 626//28
f 626//28 630//28 628//28
f 629//98 631//98 630//98
f 630//98 631//98 632//98
f 633//96 634//96 635//96
f 635//147 634//147 636//147
f 631//96 629//96 626//96
f 626//96 625//96 631//96
f 631//96 625//96 637//96
f 631//96 637//96 633//96
f 633//96 637//96 638//96
f 633//125 638//125 634//125
f 625//127 627//127 639//127
f 625//127 639//127 637//127
f 637//116 639//116 640//116
f 637//116 640//116 638//116
f 638//117 640//117 641//117
f 638//117 641//117 634//117
f 642//104 643//104 641//104
f 627//103 628//103 630//103
f 641//148 640//148 642//148
f 642//103 640//103 639//103
f 642//102 639//102 644//102
f 644//102 639//102 627//102
f 644//139 627//139 632//139
f 632//103 627//103 630//103
f 645//97 646//97 647//97
f 647//97 646//97 648//97
f 649//28 650//28 646//28
f 646//28 650//28 648//28
f 649//98 651//98 650//98
f 650//98 651//98 652//98
f 653//96 654//96 655//96
f 655//110 654//110 656//110
f 651//96 649//96 646//96
f 646//96 645//96 651//96
f 651//125 645//125 657//125
f 651//96 657//96 653//96
f 653//96 657//96 658//96
f 653//133 658//133 654//133
f 645//115 647//115 659//115
f 645//115 659//115 657//115
f 657//116 659//116 660//116
f 657//116 660//116 658//116
f 658//117 660//117 661//117
f 658//117 661//117 654//117
f 662//103 663//103 661//103
f 647//103 648//103 650//103
f 661//102 660//102 662//102
f 662//103 660//103 659//103
f 662//104 659//104 664//104
f 664//102 659//102 647//102
f 664//129 647//129 652//129
f 652//103 647//103 650//103
f 665//111 666//111 667//111
f 667//97 666//97 668//97
f 669//28 670//28 666//28
f 666//28 670//28 668//28
f 669//98 671//98 670//98
f 670//98 671//98 672//98
f 673//96 674//96 675//96
f 675//133 674//133 676//133
f 671//96 669//96 666//96
f 666//96 665//96 671//96
f 671//96 665//96 677//96
f 671//96 677//96 673//96
f 673//110 677//110 678//110
f 673//125 678//125 674//125
f 665//115 667//115 679//115
f 665//127 679//127 677//127
f 677//120 679//120 680//120
f 677//120 680//120 678//120
f 678//117 680//117 681//117
f 678//117 681//117 674//117
f 682//103 683//103 681//103
f 667//103 668//103 670//103
f 681//113 680//113 682//113
f 682//103 680//103 679//103
f 682//103 679//103 684//103
f 684//103 679//103 667//103
f 684//139 667//139 672//139
f 672//103 667//103 670//103
f 685//97 686//97 687//97
f 687//111 686//111 688//111
f 689//28 690//28 686//28
f 686//28 690//28 688//28
f 689//98 691//98 690//98
f 690//98 691//98 692//98
f 693//110 694//110 695//110
f 695//110 694//110 696//110
f 691//96 689//96 686//96
f 686//96 685//96 691//96
f 691//96 685//96 697//96
f 691//96 697//96 693//96
f 693//96 697//96 698//96
f 693//125 698//125 694//125
f 685//127 687//127 699//127
f 685//127 699//127 697//127
f 697//120 699//120 700//120
f 697//116 700//116 698//116
f 698//117 700//117 701//117
f 698//117 701//117 694//117
f 702//104 703//104 701//104
f 687//103 688//103 690//103
f 701//113 700//113 702//113
f 702//103 700//103 699//103
f 702//103 699//103 704//103
f 704//103 699//103 687//103
f 704//139 687//139 692//139
f 692//103 687//103 690//103
f 705//97 706//97 707//97
f 707//97 706//97 708//97
f 709//28 710//28 706//28
f 706//28 710//28 708//28
f 709//98 711//98 710//98
f 710//98 711//98 712//98
f 713//96 714//96 715//96
f 715//110 714//110 716//110
f 711//96 709//96 706//96
f 706//96 705//96 711//96
f 711//96 705//96 717//96
f 711//96 717//96 713//96
f 713//96 717//96 718//96
f 713//110 718//110 714//110
f 705//127 707//127 719//127
f 705//115 719//115 717//115
f 717//116 719//116 720//116
f 717//116 720//116 718//116
f 718//128 720//128 721//128
f 718//117 721//117 714//117
f 722//103 723//103 721//103
f 707//103 708//103 710//103
f 721//103 720//103 722//103
f 722//103 720//103 719//103
f 722//103 719//103 724//103
f 724//102 719//102 707//102
f 724//102 707//102 712//102
f 712//103 707//103 710//103
f 725//111 726//111 727//111
f 727//97 726//97 728//97
f 729//28 730//28 726//28
f 726//28 730//28 728//28
f 729//98 731//98 730//98
f 730//98 731//98 732//98
f 733//96 734//96 735//96
f 735//149 734//149 736//149
f 731//96 729//96 726//96
f 726//96 725//96 731//96
f 731//96 725//96 737//96
f 731//96 737//96 733//96
f 733//96 737//96 738//96
f 733//110 738//110 734//110
f 725//115 727//115 739//115
f 725//127 739//127 737//127
f 737//116 739//116 740//116
f 737//116 740//116 738//116
f 738//117 740//117 741//117
f 738//128 741//128 734//128
f 742//103 743//103 741//103
f 727//103 728//103 730//103
f 741//129 740//129 742//129
f 742//103 740//103 739//103
f 742//103 739//103 744//103
f 744//102 739//102 727//102
f 744//102 727//102 732//102
f 732//103 727//103 730//103
f 745//97 746//97 747//97
f 747//111 746//111 748//111
f 749//28 750//28 746//28
f 746//28 750//28 748//28
f 749//98 751//98 750//98
f 750//98 751//98 752//98
f 753//99 754//99 755//99
f 753//136 755//136 756//136
f 756//100 755//100 757//100
f 756//123 757//123 758//123
f 758//150 757//150 752//150
f 758//101 752//101 751//101
f 759//110 760//110 756//110
f 756//95 760//95 761//95
f 756//110 761//110 753//110
f 751//96 749//96 746//96
f 756//96 758//96 759//96
f 759//96 758//96 751//96
f 759//96 751//96 745//96
f 745//96 751//96 746//96
f 745//127 747//127 762//127
f 745//127 762//127 759//127
f 759//120 762//120 763//120
f 759//116 763//116 760//116
f 760//117 763//117 764//117
f 760//117 764//117 761//117
f 762//103 755//103 763//103
f 763//104 755//104 754//104
f 763//104 754//104 764//104
f 748//103 750//103 747//103
f 747//103 750//103 752//103
f 747//102 752//102 762//102
f 762//139 752//139 757//139
f 762//104 757//104 755//104
f 765//97 766//97 767//97
f 767//111 766//111 768//111
f 769//28 770//28 766//28
f 766//29 770//29 768//29
f 769//98 771//98 770//98
f 770//98 771//98 772//98
f 773//96 774//96 775//96
f 775//149 774//149 776//149
f 771//96 769//96 766//96
f 766//96 765//96 771//96
f 771//96 765//96 777//96
f 771//96 777//96 773//96
f 773//96 777//96 778//96
f 773//96 778//96 774//96
f 765//115 767//115 779//115
f 765//127 779//127 777//127
f 777//116 779//116 780//116
f 777//120 780//120 778//120
f 778//117 780//117 781//117
f 778//117 781//117 774//117
f 782//102 783//102 781//102
f 767//103 768//103 770//103
f 781//113 780//113 782//113
f 782//104 780//104 779//104
f 782//103 779//103 784//103
f 784//103 779//103 767//103
f 784//129 767//129 772//129
f 772//103 767//103 770//103
f 785//97 786//97 787//97
f 787//97 786//97 788//97
f 789//28 790//28 786//28
f 786//28 790//28 788//28
f 789//98 791//98 790//98
f 790//98 791//98 792//98
f 793//99 794//99 795//99
f 793//99 795//99 796//99
f 796//100 795//100 797//100
f 796//123 797//123 798//123
f 798//101 797//101 792//101
f 798//101 792//101 791//101
f 799//109 793//109 796//109
f 789//96 786//96 791//96
f 791//96 786//96 785//96
f 791//96 785//96 798//96
f 798//96 785//96 800//96
f 798//96 800//96 796//96
f 796//96 800//96 801//96
f 796//110 801//110 799//110
f 785//115 787//115 802//115
f 785//127 802//127 800//127
f 800//121 802//121 803//121
f 800//120 803//120 801//120
f 801//117 803//117 804//117
f 801//117 804//117 799//117
f 794//104 804//104 795//104
f 795//103 804//103 803//103
f 795//103 803//103 802//103
f 788//103 790//103 787//103
f 787//103 790//103 792//103
f 787//102 792//102 802//102
f 802//103 792//103 797//103
f 802//102 797//102 795//102
f 805//111 806//111 807//111
f 807//97 806//97 808//97
f 809//28 810//28 806//28
f 806//28 810//28 808//28
f 809//98 811//98 810//98
f 810//98 811//98 812//98
f 813//99 814//99 815//99
f 813//99 815//99 816//99
f 816//100 815//100 817//100
f 816//100 817//100 818//100
f 818//101 817//101 812//101
f 818//124 812//124 811//124
f 819//96 813//96 816//96
f 809//96 806//96 811//96
f 811//96 806//96 805//96
f 811//96 805//96 818//96
f 818//126 805//126 820//126
f 818//96 820//96 816//96
f 816//96 820//96 821//96
f 816//96 821//96 819//96
f 805//115 807//115 822//115
f 805//127 822//127 820//127
f 820//116 822//116 823//116
f 820//116 823//116 821//116
f 821//117 823//117 824//117
f 821//117 824//117 819//117
f 814//103 824//103 815//103
f 815//139 824//139 823//139
f 815//103 823//103 822//103
f 808//103 810//103 807//103
f 807//103 810//103 812//103
f 807//103 812//103 822//103
f 822//103 812//103 817//103
f 822//102 817//102 815//102
f 825//111 826//111 827//111
f 827//111 826//111 828//111
f 829//28 830//28 826//28
f 826//28 830//28 828//28
f 829//98 831//98 830//98
f 830//98 831//98 832//98
f 833//99 834//99 835//99
f 833//99 835//99 836//99
f 836//100 835//100 837//100
f 836//100 837//100 838//100
f 838//101 837//101 832//101
f 838//124 832//124 831//124
f 839//96 840//96 836//96
f 836//110 840//110 841//110
f 836//96 841//96 833//96
f 831//96 829//96 826//96
f 836//110 838//110 839//110
f 839//96 838//96 831//96
f 839//96 831//96 825//96
f 825//96 831//96 826//96
f 825//115 827//115 842//115
f 825//115 842//115 839//115
f 839//116 842//116 843//116
f 839//120 843//120 840//120
f 840//128 843//128 844//128
f 840//117 844//117 841//117
f 834//103 844//103 835//103
f 835//129 844//129 843//129
f 835//103 843//103 842//103
f 828//103 830//103 827//103
f 827//103 830//103 832//103
f 827//102 832//102 842//102
f 842//103 832//103 837//103
f 842//102 837//102 835//102
f 845//97 846//97 847//97
f 847//97 846//97 848//97
f 849//28 850//28 846//28
f 846//28 850//28 848//28
f 849//98 851//98 850//98
f 850//98 851//98 852//98
f 853//99 854//99 855//99
f 853//136 855//136 856//136
f 856//100 855//100 857//100
f 856//100 857//100 858//100
f 858//101 857//101 852//101
f 858//101 852//101 851//101
f 859//96 853//96 860//96
f 860//110 853//110 856//110
f 860//96 856//96 861//96
f 851//96 849//96 846//96
f 856//96 858//96 861//96
f 861//96 858//96 851//96
f 861//96 851//96 845//96
f 845//96 851//96 846//96
f 845//127 847//127 862//127
f 845//127 862//127 861//127
f 861//116 862//116 863//116
f 861//116 863//116 860//116
f 860//117 863//117 864//117
f 860//117 864//117 859//117
f 854//103 864//103 855//103
f 855//148 864//148 863//148
f 855//103 863//103 862//103
f 848//103 850//103 847//103
f 847//103 850//103 852//103
f 847//102 852//102 862//102
f 862//103 852//103 857//103
f 862//102 857//102 855//102
f 865//97 866//97 867//97
f 867//97 866//97 868//97
f 869//28 870//28 866//28
f 866//28 870//28 868//28
f 869//98 871//98 870//98
f 870//98 871//98 872//98
f 873//99 874//99 875//99
f 873//99 875//99 876//99
f 876//100 875//100 877//100
f 876//123 877//123 878//123
f 878//101 877//101 872//101
f 878//101 872//101 871//101
f 879//96 880//96 876//96
f 876//125 880//125 881//125
f 876//109 881//109 873//109
f 871//96 869//96 866//96
f 876//96 878//96 879//96
f 879//96 878//96 871//96
f 879//96 871//96 865//96
f 865//96 871//96 866//96
f 865//115 867//115 882//115
f 865//127 882//127 879//127
f 879//116 882//116 883//116
f 879//116 883//116 880//116
f 880//117 883//117 884//117
f 880//117 884//117 881//117
f 875//103 874//103 884//103
f 867//103 868//103 870//103
f 884//103 883//103 875//103
f 875//103 883//103 882//103
f 875//102 882//102 877//102
f 877//102 882//102 867//102
f 877//103 867//103 872//103
f 872//103 867//103 870//103
f 885//111 886//111 887//111
f 887//111 886//111 888//111
f 889//28 890//28 886//28
f 886//29 890//29 888//29
f 889//118 891//118 890//118
f 890//98 891//98 892//98
f 893//99 894//99 895//99
f 893//99 895//99 896//99
f 896//100 895//100 897//100
f 896//100 897//100 898//100
f 898//101 897//101 892//101
f 898//101 892//101 891//101
f 898//96 899//96 896//96
f 896//96 899//96 900//96
f 896//96 900//96 893//96
f 889//96 886//96 891//96
f 891//96 886//96 885//96
f 891//96 885//96 898//96
f 898//96 885//96 901//96
f 898//96 901//96 899//96
f 885//114 887//114 902//114
f 885//115 902//115 901//115
f 901//116 902//116 903//116
f 901//120 903//120 899//120
f 899//117 903//117 904//117
f 899//117 904//117 900//117
f 894//103 904//103 895//103
f 895//129 904//129 903//129
f 895//103 903//103 902//103
f 888//103 890//103 887//103
f 887//103 890//103 892//103
f 887//103 892//103 902//103
f 902//103 892//103 897//103
f 902//102 897//102 895//102
f 905//111 906//111 907//111
f 907//97 906//97 908//97
f 909//28 910//28 906//28
f 906//28 910//28 908//28
f 909//98 911//98 910//98
f 910//98 911//98 912//98
f 913//99 914//99 915//99
f 913//99 915//99 916//99
f 916//100 915//100 917//100
f 916//100 917//100 918//100
f 918//101 917//101 912//101
f 918//124 912//124 911//124
f 919//96 920//96 916//96
f 916//110 920//110 921//110
f 916//96 921//96 913//96
f 911//96 909//96 906//96
f 916//96 918//96 919//96
f 919//96 918//96 911//96
f 919//96 911//96 905//96
f 905//96 911//96 906//96
f 905//115 907//115 922//115
f 905//115 922//115 919//115
f 919//116 922//116 923//116
f 919//116 923//116 920//116
f 920//117 923//117 924//117
f 920//117 924//117 921//117
f 917//103 915//103 923//103
f 923//103 915//103 914//103
f 923//139 914//139 924//139
f 907//103 908//103 910//103
f 923//103 922//103 917//103
f 917//102 922//102 907//102
f 917//103 907//103 912//103
f 912//103 907//103 910//103
f 925//97 926//97 927//97
f 927//111 926//111 928//111
f 929//28 930//28 926//28
f 926//28 930//28 928//28
f 929//98 931//98 930//98
f 930//98 931//98 932//98
f 933//99 934//99 935//99
f 933//99 935//99 936//99
f 936//100 935//100 937//100
f 936//100 937//100 938//100
f 938//101 937//101 932//101
f 938//101 932//101 931//101
f 939//125 933//125 940//125
f 940//96 933//96 936//96
f 940//96 936//96 941//96
f 931//96 929//96 926//96
f 936//96 938//96 941//96
f 941//96 938//96 931//96
f 941//96 931//96 925//96
f 925//96 931//96 926//96
f 925//115 927//115 942//115
f 925//127 942//127 941//127
f 941//116 942//116 943//116
f 941//120 943//120 940//120
f 940//117 943//117 944//117
f 940//117 944//117 939//117
f 937//102 935//102 943//102
f 943//104 935//104 934//104
f 943//139 934//139 944//139
f 927//103 928//103 930//103
f 943//103 942//103 937//103
f 937//103 942//103 927//103
f 937//103 927//103 932//103
f 932//103 927//103 930//103
f 945//97 946//97 947//97
f 947//111 946//111 948//111
f 949//28 950//28 946//28
f 946//28 950//28 948//28
f 949//98 951//98 950//98
f 950//98 951//98 952//98
f 953//99 954//99 955//99
f 953//99 955//99 956//99
f 956//100 955//100 957//100
f 956//100 957//100 958//100
f 958//124 957//124 952//124
f 958//101 952//101 951//101
f 958//96 959//96 956//96
f 956//96 959//96 960//96
f 956//109 960//109 953//109
f 949//96 946//96 951//96
f 951//96 946//96 945//96
f 951//96 945//96 958//96
f 958//96 945//96 961//96
f 958//110 961//110 959//110
f 945//115 947//115 962//115
f 945//115 962//115 961//115
f 961//151 962//151 963//151
f 961//116 963//116 959//116
f 959//128 963//128 964//128
f 959//117 964//117 960//117
f 954//103 964//103 955//103
f 955//102 964//102 963//102
f 955//102 963//102 962//102
f 948//103 950//103 947//103
f 947//103 950//103 952//103
f 947//103 952//103 962//103
f 962//103 952//103 957//103
f 962//102 957//102 955//102
f 965//111 966//111 967//111
f 967//97 966//97 968//97
f 969//28 970//28 966//28
f 966//28 970//28 968//28
f 969//98 971//98 970//98
f 970//98 971//98 972//98
f 973//99 974//99 975//99
f 973//136 975//136 976//136
f 976//123 975//123 977//123
f 976//100 977//100 978//100
f 978//101 977//101 972//101
f 978//101 972//101 971//101
f 979//96 973//96 980//96
f 980//133 973//133 976//133
f 980//96 976//96 981//96
f 971//96 969//96 966//96
f 976//96 978//96 981//96
f 981//96 978//96 971//96
f 981//96 971//96 965//96
f 965//96 971//96 966//96
f 965//127 967//127 982//127
f 965//115 982//115 981//115
f 981//145 982//145 983//145
f 981//116 983//116 980//116
f 980//117 983//117 984//117
f 980//117 984//117 979//117
f 975//102 974//102 984//102
f 967//103 968//103 970//103
f 984//103 983//103 975//103
f 975//102 983//102 982//102
f 975//103 982//103 977//103
f 977//103 982//103 967//103
f 977//103 967//103 972//103
f 972//103 967//103 970//103
f 985//97 986//97 987//97
f 987//97 986//97 988//97
f 989//28 990//28 986//28
f 986//28 990//28 988//28
f 989//98 991//98 990//98
f 990//98 991//98 992//98
f 993//99 994//99 995//99
f 993//99 995//99 996//99
f 996//100 995//100 997//100
f 996//100 997//100 998//100
f 998//101 997//101 992//101
f 998//101 992//101 991//101
f 999//96 993//96 1000//96
f 1000//110 993//110 996//110
f 1000//96 996//96 998//96
f 989//96 986//96 991//96
f 991//96 986//96 985//96
f 991//96 985//96 998//96
f 998//96 985//96 1001//96
f 998//96 1001//96 1000//96
f 985//115 987//115 1002//115
f 985//127 1002//127 1001//127
f 1001//120 1002//120 1003//120
f 1001//120 1003//120 1000//120
f 1000//117 1003//117 1004//117
f 1000//117 1004//117 999//117
f 995//103 994//103 1004//103
f 987//103 988//103 990//103
f 1004//104 1003//104 995//104
f 995//102 1003//102 1002//102
f 995//139 1002//139 997//139
f 997//103 1002//103 987//103
f 997//103 987//103 992//103
f 992//103 987//103 990//103
f 1005//97 1006//97 1007//97
f 1007//111 1006//111 1008//111
f 1009//28 1010//28 1006//28
f 1006//28 1010//28 1008//28
f 1009//98 1011//98 1010//98
f 1010//98 1011//98 1012//98
f 1013//99 1014//99 1015//99
f 1013//99 1015//99 1016//99
f 1016//100 1015//100 1017//100
f 1016//100 1017//100 1018//100
f 1018//101 1017//101 1012//101
f 1018//101 1012//101 1011//101
f 1019//96 1020//96 1013//96
f 1011//96 1009//96 1006//96
f 1013//110 1016//110 1019//110
f 1019//96 1016//96 1018//96
f 1019//96 1018//96 1021//96
f 1021//96 1018//96 1011//96
f 1021//96 1011//96 1005//96
f 1005//96 1011//96 1006//96
f 1005//115 1007//115 1022//115
f 1005//127 1022//127 1021//127
f 1021//120 1022//120 1023//120
f 1021//120 1023//120 1019//120
f 1019//117 1023//117 1024//117
f 1019//117 1024//117 1020//117
f 1014//103 1024//103 1015//103
f 1015//139 1024//139 1023//139
f 1015//103 1023//103 1022//103
f 1008//103 1010//103 1007//103
f 1007//103 1010//103 1012//103
f 1007//103 1012//103 1022//103
f 1022//103 1012//103 1017//103
f 1022//102 1017//102 1015//102
f 1025//97 1026//97 1027//97
f 1027//97 1026//97 1028//97
f 1029//28 1030//28 1026//28
f 1026//28 1030//28 1028//28
f 1029//98 1031//98 1030//98
f 1030//98 1031//98 1032//98
f 1033//99 1034//99 1035//99
f 1033//99 1035//99 1036//99
f 1036//123 1035//123 1037//123
f 1036//100 1037//100 1038//100
f 1038//101 1037//101 1032//101
f 1038//124 1032//124 1031//124
f 1039//96 1033//96 1040//96
f 1040//125 1033//125 1036//125
f 1040//110 1036//110 1038//110
f 1029//96 1026//96 1031//96
f 1031//96 1026//96 1025//96
f 1031//96 1025//96 1038//96
f 1038//96 1025//96 1041//96
f 1038//96 1041//96 1040//96
f 1025//127 1027//127 1042//127
f 1025//115 1042//115 1041//115
f 1041//120 1042//120 1043//120
f 1041//116 1043//116 1040//116
f 1040//117 1043//117 1044//117
f 1040//117 1044//117 1039//117
f 1034//102 1044//102 1035//102
f 1035//103 1044//103 1043//103
f 1035//103 1043//103 1042//103
f 1028//103 1030//103 1027//103
f 1027//103 1030//103 1032//103
f 1027//103 1032//103 1042//103
f 1042//103 1032//103 1037//103
f 1042//103 1037//103 1035//103
f 1045//97 1046//97 1047//97
f 1047//111 1046//111 1048//111
f 1049//28 1050//28 1046//28
f 1046//28 1050//28 1048//28
f 1049//98 1051//98 1050//98
f 1050//98 1051//98 1052//98
f 1053//136 1054//136 1055//136
f 1053//99 1055//99 1056//99
f 1056//100 1055//100 1057//100
f 1056//100 1057//100 1058//100
f 1058//124 1057//124 1052//124
f 1058//101 1052//101 1051//101
f 1059//110 1060//110 1056//110
f 1056//96 1060//96 1061//96
f 1056//96 1061//96 1053//96
f 1051//96 1049//96 1046//96
f 1056//125 1058//125 1059//125
f 1059//96 1058//96 1051//96
f 1059//96 1051//96 1045//96
f 1045//96 1051//96 1046//96
f 1045//115 1047//115 1062//115
f 1045//127 1062//127 1059//127
f 1059//120 1062//120 1063//120
f 1059//120 1063//120 1060//120
f 1060//117 1063//117 1064//117
f 1060//117 1064//117 1061//117
f 1054//139 1064//139 1055//139
f 1055//103 1064//103 1063//103
f 1055//102 1063//102 1062//102
f 1048//103 1050//103 1047//103
f 1047//103 1050//103 1052//103
f 1047//103 1052//103 1062//103
f 1062//103 1052//103 1057//103
f 1062//103 1057//103 1055//103
f 1065//28 1066//28 1067//28
f 1067//28 1066//28 1068//28
f 1065//98 1069//98 1066//98
f 1066//118 1069//118 1070//118
f 1071//99 1072//99 1073//99
f 1071//99 1073//99 1074//99
f 1074//100 1073//100 1075//100
f 1074//100 1075//100 1076//100
f 1076//101 1075//101 1070//101
f 1076//101 1070//101 1069//101
f 1077//96 1078//96 1071//96
f 1069//96 1065//96 1067//96
f 1071//96 1074//96 1077//96
f 1077//96 1074//96 1076//96
f 1077//96 1076//96 1079//96
f 1079//96 1076//96 1069//96
f 1079//96 1069//96 1080//96
f 1080//96 1069//96 1067//96
f 1080//97 1067//97 1081//97
f 1081//111 1067//111 1068//111
f 1082//103 1072//103 1083//103
f 1083//104 1072//104 1084//104
f 1081//103 1068//103 1066//103
f 1066//103 1070//103 1081//103
f 1081//103 1070//103 1075//103
f 1081//102 1075//102 1082//102
f 1082//103 1075//103 1073//103
f 1082//103 1073//103 1072//103
f 1085//97 1086//97 1087//97
f 1087//97 1086//97 1088//97
f 1089//28 1090//28 1086//28
f 1086//28 1090//28 1088//28
f 1089//98 1091//98 1090//98
f 1090//98 1091//98 1092//98
f 1093//99 1094//99 1095//99
f 1093//99 1095//99 1096//99
f 1096//100 1095//100 1097//100
f 1096//100 1097//100 1098//100
f 1098//101 1097//101 1092//101
f 1098//101 1092//101 1091//101
f 1099//96 1100//96 1096//96
f 1096//109 1100//109 1101//109
f 1096//96 1101//96 1093//96
f 1091//96 1089//96 1086//96
f 1096//126 1098//126 1099//126
f 1099//96 1098//96 1091//96
f 1099//96 1091//96 1085//96
f 1085//96 1091//96 1086//96
f 1085//115 1087//115 1102//115
f 1085//115 1102//115 1099//115
f 1099//120 1102//120 1103//120
f 1099//116 1103//116 1100//116
f 1100//117 1103//117 1104//117
f 1100//117 1104//117 1101//117
f 1094//103 1104//103 1095//103
f 1095//102 1104//102 1103//102
f 1095//103 1103//103 1102//103
f 1088//103 1090//103 1087//103
f 1087//103 1090//103 1092//103
f 1087//102 1092//102 1102//102
f 1102//103 1092//103 1097//103
f 1102//103 1097//103 1095//103
f 1105//28 1106//28 1107//28
f 1107//28 1106//28 1108//28
f 1105//98 1109//98 1106//98
f 1106//98 1109//98 1110//98
f 1111//99 1112//99 1113//99
f 1111//99 1113//99 1114//99
f 1114//100 1113//100 1115//100
f 1114//100 1115//100 1116//100
f 1116//101 1115//101 1110//101
f 1116//101 1110//101 1109//101
f 1117//110 1118//110 1111//110
f 1109//96 1105//96 1107//96
f 1111//96 1114//96 1117//96
f 1117//96 1114//96 1116//96
f 1117//96 1116//96 1119//96
f 1119//96 1116//96 1109//96
f 1119//96 1109//96 1120//96
f 1120//96 1109//96 1107//96
f 1120//97 1107//97 1121//97
f 1121//97 1107//97 1108//97
f 1122//102 1112//102 1123//102
f 1123//144 1112//144 1124//144
f 1121//103 1108//103 1106//103
f 1106//103 1110//103 1121//103
f 1121//103 1110//103 1115//103
f 1121//103 1115//103 1122//103
f 1122//103 1115//103 1113//103
f 1122//104 1113//104 1112//104
f 1125//97 1126//97 1127//97
f 1127//111 1126//111 1128//111
f 1129//28 1130//28 1126//28
f 1126//28 1130//28 1128//28
f 1129//98 1131//98 1130//98
f 1130//98 1131//98 1132//98
f 1133//110 1134//110 1135//110
f 1135//125 1134//125 1136//125
f 1131//96 1129//96 1126//96
f 1126//96 1125//96 1131//96
f 1131//96 1125//96 1137//96
f 1131//96 1137//96 1133//96
f 1133//96 1137//96 1138//96
f 1133//110 1138//110 1134//110
f 1125//115 1127//115 1139//115
f 1125//152 1139//152 1137//152
f 1137//120 1139//120 1140//120
f 1137//116 1140//116 1138//116
f 1138//117 1140//117 1141//117
f 1138//117 1141//117 1134//117
f 1142//103 1143//103 1141//103
f 1127//103 1128//103 1130//103
f 1141//139 1140//139 1142//139
f 1142//103 1140//103 1139//103
f 1142//103 1139//103 1144//103
f 1144//103 1139//103 1127//103
f 1144//103 1127//103 1132//103
f 1132//103 1127//103 1130//103
f 1145//28 1146//28 1147//28
f 1147//28 1146//28 1148//28
f 1145//98 1149//98 1146//98
f 1146//98 1149//98 1150//98
f 1151//99 1152//99 1153//99
f 1151//99 1153//99 1154//99
f 1154//100 1153//100 1155//100
f 1154//100 1155//100 1156//100
f 1156//101 1155//101 1150//101
f 1156//101 1150//101 1149//101
f 1157//96 1158//96 1151//96
f 1149//96 1145//96 1147//96
f 1151//96 1154//96 1157//96
f 1157//96 1154//96 1156//96
f 1157//96 1156//96 1159//96
f 1159//96 1156//96 1149//96
f 1159//96 1149//96 1160//96
f 1160//96 1149//96 1147//96
f 1160//97 1147//97 1161//97
f 1161//111 1147//111 1148//111
f 1162//103 1152//103 1163//103
f 1163//153 1152//153 1164//153
f 1161//103 1148//103 1146//103
f 1146//103 1150//103 1161//103
f 1161//103 1150//103 1155//103
f 1161//102 1155//102 1162//102
f 1162//102 1155//102 1153//102
f 1162//104 1153//104 1152//104
f 1165//28 1166//28 1167//28
f 1167//28 1166//28 1168//28
f 1165//98 1169//98 1166//98
f 1166//98 1169//98 1170//98
f 1171//96 1172//96 1173//96
f 1169//96 1165//96 1167//96
f 1173//154 1174//154 1171//154
f 1171//96 1174//96 1175//96
f 1171//96 1175//96 1176//96
f 1176//96 1175//96 1169//96
f 1176//96 1169//96 1177//96
f 1177//96 1169//96 1167//96
f 1177//97 1167//97 1178//97
f 1178//111 1167//111 1168//111
f 1179//103 1180//103 1181//103
f 1178//103 1168//103 1166//103
f 1181//132 1182//132 1179//132
f 1179//103 1182//103 1183//103
f 1179//103 1183//103 1184//103
f 1184//103 1183//103 1178//103
f 1184//103 1178//103 1170//103
f 1170//103 1178//103 1166//103
f 1185//97 1186//97 1187//97
f 1187//97 1186//97 1188//97
f 1189//28 1190//28 1186//28
f 1186//28 1190//28 1188//28
f 1189//98 1191//98 1190//98
f 1190//98 1191//98 1192//98
f 1193//99 1194//99 1195//99
f 1193//99 1195//99 1196//99
f 1196//100 1195//100 1197//100
f 1196//100 1197//100 1198//100
f 1198//101 1197//101 1192//101
f 1198//101 1192//101 1191//101
f 1198//96 1199//96 1196//96
f 1196//110 1199//110 1200//110
f 1196//96 1200//96 1193//96
f 1189//96 1186//96 1191//96
f 1191//96 1186//96 1185//96
f 1191//96 1185//96 1198//96
f 1198//96 1185//96 1201//96
f 1198//96 1201//96 1199//96
f 1185//127 1187//127 1202//127
f 1185//152 1202//152 1201//152
f 1201//120 1202//120 1203//120
f 1201//120 1203//120 1199//120
f 1199//117 1203//117 1204//117
f 1199//117 1204//117 1200//117
f 1194//104 1204//104 1195//104
f 1195//102 1204//102 1203//102
f 1195//103 1203//103 1202//103
f 1188//103 1190//103 1187//103
f 1187//103 1190//103 1192//103
f 1187//103 1192//103 1202//103
f 1202//103 1192//103 1197//103
f 1202//102 1197//102 1195//102
f 1205//98 1206//98 1207//98
f 1207//98 1206//98 1208//98
f 1209//125 1210//125 1211//125
f 1211//155 1210//155 1212//155
f 1206//96 1205//96 1213//96
f 1213//96 1214//96 1206//96
f 1206//96 1214//96 1215//96
f 1206//96 1215//96 1209//96
f 1209//96 1215//96 1216//96
f 1209//125 1216//125 1210//125
f 1217//97 1218//97 1219//97
f 1219//111 1218//111 1220//111
f 1221//28 1222//28 1218//28
f 1218//28 1222//28 1220//28
f 1221//98 1223//98 1222//98
f 1222//98 1223//98 1224//98
f 1225//110 1226//110 1227//110
f 1227//125 1226//125 1228//125
f 1223//96 1221//96 1218//96
f 1218//96 1217//96 1223//96
f 1223//96 1217//96 1229//96
f 1223//96 1229//96 1225//96
f 1225//96 1229//96 1230//96
f 1225//96 1230//96 1226//96
f 1217//115 1219//115 1231//115
f 1217//127 1231//127 1229//127
f 1229//120 1231//120 1232//120
f 1229//116 1232//116 1230//116
f 1230//117 1232//117 1233//117
f 1230//117 1233//117 1226//117
f 1234//102 1235//102 1233//102
f 1219//103 1220//103 1222//103
f 1233//103 1232//103 1234//103
f 1234//103 1232//103 1231//103
f 1234//103 1231//103 1236//103
f 1236//102 1231//102 1219//102
f 1236//103 1219//103 1224//103
f 1224//103 1219//103 1222//103
f 1237//97 1238//97 1239//97
f 1239//97 1238//97 1240//97
f 1241//28 1242//28 1238//28
f 1238//28 1242//28 1240//28
f 1241//98 1243//98 1242//98
f 1242//98 1243//98 1244//98
f 1245//96 1246//96 1247//96
f 1247//96 1246//96 1248//96
f 1243//96 1241//96 1238//96
f 1238//96 1237//96 1243//96
f 1243//96 1237//96 1249//96
f 1243//96 1249//96 1245//96
f 1245//96 1249//96 1250//96
f 1245//110 1250//110 1246//110
f 1237//127 1239//127 1251//127
f 1237//152 1251//152 1249//152
f 1249//120 1251//120 1252//120
f 1249//120 1252//120 1250//120
f 1250//117 1252//117 1253//117
f 1250//117 1253//117 1246//117
f 1254//103 1255//103 1253//103
f 1239//103 1240//103 1242//103
f 1253//104 1252//104 1254//104
f 1254//102 1252//102 1251//102
f 1254//102 1251//102 1256//102
f 1256//103 1251//103 1239//103
f 1256//103 1239//103 1244//103
f 1244//103 1239//103 1242//103
f 1257//97 1258//97 1259//97
f 1259//97 1258//97 1260//97
f 1261//28 1262//28 1258//28
f 1258//28 1262//28 1260//28
f 1261//98 1263//98 1262//98
f 1262//98 1263//98 1264//98
f 1265//96 1266//96 1267//96
f 1267//95 1266//95 1268//95
f 1263//96 1261//96 1258//96
f 1258//96 1257//96 1263//96
f 1263//126 1257//126 1269//126
f 1263//96 1269//96 1265//96
f 1265//96 1269//96 1270//96
f 1265//125 1270//125 1266//125
f 1257//127 1259//127 1271//127
f 1257//115 1271//115 1269//115
f 1269//120 1271//120 1272//120
f 1269//120 1272//120 1270//120
f 1270//117 1272//117 1273//117
f 1270//117 1273//117 1266//117
f 1274//103 1275//103 1273//103
f 1259//103 1260//103 1262//103
f 1273//102 1272//102 1274//102
f 1274//103 1272//103 1271//103
f 1274//103 1271//103 1276//103
f 1276//103 1271//103 1259//103
f 1276//103 1259//103 1264//103
f 1264//103 1259//103 1262//103
f 1277//97 1278//97 1279//97
f 1279//111 1278//111 1280//111
f 1281//28 1282//28 1278//28
f 1278//28 1282//28 1280//28
f 1281//98 1283//98 1282//98
f 1282//98 1283//98 1284//98
f 1285//99 1286//99 1287//99
f 1285//99 1287//99 1288//99
f 1288//100 1287//100 1289//100
f 1288//100 1289//100 1290//100
f 1290//101 1289//101 1284//101
f 1290//101 1284//101 1283//101
f 1291//96 1292//96 1285//96
f 1283//96 1281//96 1278//96
f 1285//125 1288//125 1291//125
f 1291//96 1288//96 1290//96
f 1291//96 1290//96 1293//96
f 1293//96 1290//96 1283//96
f 1293//96 1283//96 1277//96
f 1277//96 1283//96 1278//96
f 1277//152 1279//152 1294//152
f 1277//127 1294//127 1293//127
f 1293//120 1294//120 1295//120
f 1293//120 1295//120 1291//120
f 1291//117 1295//117 1296//117
f 1291//117 1296//117 1292//117
f 1289//102 1287//102 1295//102
f 1295//104 1287//104 1286//104
f 1295//103 1286//103 1296//103
f 1279//103 1280//103 1282//103
f 1295//103 1294//103 1289//103
f 1289//102 1294//102 1279//102
f 1289//103 1279//103 1284//103
f 1284//103 1279//103 1282//103
f 1297//97 1298//97 1299//97
f 1299//97 1298//97 1300//97
f 1301//28 1302//28 1298//28
f 1298//28 1302//28 1300//28
f 1301//98 1303//98 1302//98
f 1302//98 1303//98 1304//98
f 1305//96 1306//96 1307//96
f 1307//125 1306//125 1308//125
f 1303//96 1301//96 1298//96
f 1298//96 1297//96 1303//96
f 1303//96 1297//96 1309//96
f 1303//96 1309//96 1305//96
f 1305//96 1309//96 1310//96
f 1305//110 1310//110 1306//110
f 1297//127 1299//127 1311//127
f 1297//152 1311//152 1309//152
f 1309//120 1311//120 1312//120
f 1309//116 1312//116 1310//116
f 1310//117 1312//117 1313//117
f 1310//117 1313//117 1306//117
f 1314//104 1315//104 1313//104
f 1299//103 1300//103 1302//103
f 1313//104 1312//104 1314//104
f 1314//103 1312//103 1311//103
f 1314//103 1311//103 1316//103
f 1316//103 1311//103 1299//103
f 1316//103 1299//103 1304//103
f 1304//103 1299//103 1302//103
f 1317//97 1318//97 1319//97
f 1319//97 1318//97 1320//97
f 1321//28 1322//28 1318//28
f 1318//28 1322//28 1320//28
f 1321//118 1323//118 1322//118
f 1322//98 1323//98 1324//98
f 1325//99 1326//99 1327//99
f 1325//99 1327//99 1328//99
f 1328//100 1327//100 1329//100
f 1328//100 1329//100 1330//100
f 1330//101 1329//101 1324//101
f 1330//101 1324//101 1323//101
f 1331//96 1332//96 1328//96
f 1328//125 1332//125 1333//125
f 1328//110 1333//110 1325//110
f 1323//96 1321//96 1318//96
f 1328//96 1330//96 1331//96
f 1331//96 1330//96 1323//96
f 1331//96 1323//96 1317//96
f 1317//96 1323//96 1318//96
f 1317//127 1319//127 1334//127
f 1317//152 1334//152 1331//152
f 1331//120 1334//120 1335//120
f 1331//120 1335//120 1332//120
f 1332//117 1335//117 1336//117
f 1332//117 1336//117 1333//117
f 1326//103 1336//103 1327//103
f 1327//102 1336//102 1335//102
f 1327//103 1335//103 1334//103
f 1320//103 1322//103 1319//103
f 1319//103 1322//103 1324//103
f 1319//103 1324//103 1334//103
f 1334//103 1324//103 1329//103
f 1334//103 1329//103 1327//103
f 1337//97 1338//97 1339//97
f 1339//111 1338//111 1340//111
f 1341//28 1342//28 1338//28
f 1338//28 1342//28 1340//28
f 1341//98 1343//98 1342//98
f 1342//98 1343//98 1344//98
f 1345//96 1346//96 1347//96
f 1347//131 1346//131 1348//131
f 1343//96 1341//96 1338//96
f 1338//96 1337//96 1343//96
f 1343//96 1337//96 1349//96
f 1343//96 1349//96 1345//96
f 1345//96 1349//96 1350//96
f 1345//96 1350//96 1346//96
f 1337//127 1339//127 1351//127
f 1337//127 1351//127 1349//127
f 1349//120 1351//120 1352//120
f 1349//120 1352//120 1350//120
f 1350//117 1352//117 1353//117
f 1350//117 1353//117 1346//117
f 1354//103 1355//103 1353//103
f 1339//103 1340//103 1342//103
f 1353//102 1352//102 1354//102
f 1354//103 1352//103 1351//103
f 1354//102 1351//102 1356//102
f 1356//103 1351//103 1339//103
f 1356//103 1339//103 1344//103
f 1344//103 1339//103 1342//103
f 1357//97 1358//97 1359//97
f 1359//97 1358//97 1360//97
f 1361//28 1362//28 1358//28
f 1358//28 1362//28 1360//28
f 1361//98 1363//98 1362//98
f 1362//98 1363//98 1364//98
f 1365//99 1366//99 1367//99
f 1365//99 1367//99 1368//99
f 1368//100 1367//100 1369//100
f 1368//100 1369//100 1370//100
f 1370//101 1369//101 1364//101
f 1370//101 1364//101 1363//101
f 1371//96 1365//96 1372//96
f 1372//125 1365//125 1368//125
f 1372//96 1368//96 1370//96
f 1361//96 1358//96 1363//96
f 1363//96 1358//96 1357//96
f 1363//96 1357//96 1370//96
f 1370//96 1357//96 1373//96
f 1370//96 1373//96 1372//96
f 1357//127 1359//127 1374//127
f 1357//127 1374//127 1373//127
f 1373//116 1374//116 1375//116
f 1373//120 1375//120 1372//120
f 1372//117 1375//117 1376//117
f 1372//117 1376//117 1371//117
f 1360//103 1362//103 1359//103
f 1359//103 1362//103 1364//103
f 1359//103 1364//103 1374//103
f 1374//102 1364//102 1369//102
f 1374//103 1369//103 1375//103
f 1375//103 1369//103 1367//103
f 1375//102 1367//102 1376//102
f 1376//104 1367//104 1366//104
f 1377//97 1378//97 1379//97
f 1379//97 1378//97 1380//97
f 1381//28 1382//28 1378//28
f 1378//28 1382//28 1380//28
f 1381//98 1383//98 1382//98
f 1382//98 1383//98 1384//98
f 1385//96 1386//96 1387//96
f 1387//156 1386//156 1388//156
f 1383//96 1381//96 1378//96
f 1378//96 1377//96 1383//96
f 1383//96 1377//96 1389//96
f 1383//96 1389//96 1385//96
f 1385//96 1389//96 1390//96
f 1385//96 1390//96 1386//96
f 1377//127 1379//127 1391//127
f 1377//152 1391//152 1389//152
f 1389//120 1391//120 1392//120
f 1389//120 1392//120 1390//120
f 1390//117 1392//117 1393//117
f 1390//117 1393//117 1386//117
f 1394//103 1395//103 1393//103
f 1379//103 1380//103 1382//103
f 1393//104 1392//104 1394//104
f 1394//102 1392//102 1391//102
f 1394//103 1391//103 1396//103
f 1396//103 1391//103 1379//103
f 1396//103 1379//103 1384//103
f 1384//103 1379//103 1382//103
f 1397//97 1398//97 1399//97
f 1399//111 1398//111 1400//111
f 1401//28 1402//28 1398//28
f 1398//28 1402//28 1400//28
f 1401//98 1403//98 1402//98
f 1402//98 1403//98 1404//98
f 1405//99 1406//99 1407//99
f 1405//99 1407//99 1408//99
f 1408//100 1407//100 1409//100
f 1408//100 1409//100 1410//100
f 1410//101 1409//101 1404//101
f 1410//101 1404//101 1403//101
f 1411//96 1405//96 1412//96
f 1412//110 1405//110 1408//110
f 1412//96 1408//96 1410//96
f 1401//96 1398//96 1403//96
f 1403//96 1398//96 1397//96
f 1403//96 1397//96 1410//96
f 1410//96 1397//96 1413//96
f 1410//96 1413//96 1412//96
f 1397//115 1399//115 1414//115
f 1397//127 1414//127 1413//127
f 1413//116 1414//116 1415//116
f 1413//120 1415//120 1412//120
f 1412//117 1415//117 1416//117
f 1412//117 1416//117 1411//117
f 1406//103 1416//103 1407//103
f 1407//129 1416//129 1415//129
f 1407//103 1415//103 1414//103
f 1400//103 1402//103 1399//103
f 1399//103 1402//103 1404//103
f 1399//103 1404//103 1414//103
f 1414//103 1404//103 1409//103
f 1414//103 1409//103 1407//103
f 1417//97 1418//97 1419//97
f 1419//97 1418//97 1420//97
f 1421//28 1422//28 1418//28
f 1418//28 1422//28 1420//28
f 1421//98 1423//98 1422//98
f 1422//98 1423//98 1424//98
f 1425//96 1426//96 1427//96
f 1427//96 1426//96 1428//96
f 1423//96 1421//96 1418//96
f 1418//96 1417//96 1423//96
f 1423//96 1417//96 1429//96
f 1423//96 1429//96 1425//96
f 1425//96 1429//96 1430//96
f 1425//96 1430//96 1426//96
f 1417//152 1419//152 1431//152
f 1417//127 1431//127 1429//127
f 1429//120 1431//120 1432//120
f 1429//120 1432//120 1430//120
f 1430//117 1432//117 1433//117
f 1430//117 1433//117 1426//117
f 1434//103 1435//103 1433//103
f 1419//103 1420//103 1422//103
f 1433//102 1432//102 1434//102
f 1434//103 1432//103 1431//103
f 1434//103 1431//103 1436//103
f 1436//103 1431//103 1419//103
f 1436//102 1419//102 1424//102
f 1424//103 1419//103 1422//103
f 1437//97 1438//97 1439//97
f 1439//97 1438//97 1440//97
f 1441//28 1442//28 1438//28
f 1438//28 1442//28 1440//28
f 1441//118 1443//118 1442//118
f 1442//98 1443//98 1444//98
f 1445//96 1446//96 1447//96
f 1447//155 1446//155 1448//155
f 1443//96 1441//96 1438//96
f 1438//96 1437//96 1443//96
f 1443//96 1437//96 1449//96
f 1443//96 1449//96 1445//96
f 1445//110 1449//110 1450//110
f 1445//96 1450//96 1446//96
f 1437//127 1439//127 1451//127
f 1437//127 1451//127 1449//127
f 1449//120 1451//120 1452//120
f 1449//120 1452//120 1450//120
f 1450//117 1452//117 1453//117
f 1450//117 1453//117 1446//117
f 1454//103 1455//103 1453//103
f 1439//103 1440//103 1442//103
f 1453//103 1452//103 1454//103
f 1454//103 1452//103 1451//103
f 1454//103 1451//103 1456//103
f 1456//103 1451//103 1439//103
f 1456//102 1439//102 1444//102
f 1444//103 1439//103 1442//103
f 1457//97 1458//97 1459//97
f 1459//111 1458//111 1460//111
f 1461//28 1462//28 1458//28
f 1458//28 1462//28 1460//28
f 1461//98 1463//98 1462//98
f 1462//98 1463//98 1464//98
f 1465//96 1466//96 1467//96
f 1467//131 1466//131 1468//131
f 1463//96 1461//96 1458//96
f 1458//96 1457//96 1463//96
f 1463//96 1457//96 1469//96
f 1463//96 1469//96 1465//96
f 1465//96 1469//96 1470//96
f 1465//110 1470//110 1466//110
f 1457//127 1459//127 1471//127
f 1457//127 1471//127 1469//127
f 1469//120 1471//120 1472//120
f 1469//120 1472//120 1470//120
f 1470//117 1472//117 1473//117
f 1470//117 1473//117 1466//117
f 1474//103 1475//103 1473//103
f 1459//103 1460//103 1462//103
f 1473//139 1472//139 1474//139
f 1474//103 1472//103 1471//103
f 1474//103 1471//103 1476//103
f 1476//103 1471//103 1459//103
f 1476//103 1459//103 1464//103
f 1464//103 1459//103 1462//103
f 1477//97 1478//97 1479//97
f 1479//97 1478//97 1480//97
f 1481//28 1482//28 1478//28
f 1478//28 1482//28 1480//28
f 1481//98 1483//98 1482//98
f 1482//98 1483//98 1484//98
f 1485//99 1486//99 1487//99
f 1485//99 1487//99 1488//99
f 1488//100 1487//100 1489//100
f 1488//100 1489//100 1490//100
f 1490//101 1489//101 1484//101
f 1490//101 1484//101 1483//101
f 1490//96 1491//96 1488//96
f 1488//96 1491//96 1492//96
f 1488//125 1492//125 1485//125
f 1481//96 1478//96 1483//96
f 1483//96 1478//96 1477//96
f 1483//96 1477//96 1490//96
f 1490//96 1477//96 1493//96
f 1490//96 1493//96 1491//96
f 1477//152 1479//152 1494//152
f 1477//152 1494//152 1493//152
f 1493//120 1494//120 1495//120
f 1493//120 1495//120 1491//120
f 1491//117 1495//117 1496//117
f 1491//117 1496//117 1492//117
f 1486//104 1496//104 1487//104
f 1487//102 1496//102 1495//102
f 1487//102 1495//102 1489//102
f 1479//103 1480//103 1482//103
f 1495//103 1494//103 1489//103
f 1489//103 1494//103 1479//103
f 1489//103 1479//103 1484//103
f 1484//103 1479//103 1482//103
f 1497//111 1498//111 1499//111
f 1499//97 1498//97 1500//97
f 1501//28 1502//28 1498//28
f 1498//28 1502//28 1500//28
f 1501//98 1503//98 1502//98
f 1502//98 1503//98 1504//98
f 1505//99 1506//99 1507//99
f 1505//99 1507//99 1508//99
f 1508//100 1507//100 1509//100
f 1508//100 1509//100 1510//100
f 1510//101 1509//101 1504//101
f 1510//101 1504//101 1503//101
f 1510//96 1511//96 1508//96
f 1508//96 1511//96 1512//96
f 1508//96 1512//96 1505//96
f 1501//96 1498//96 1503//96
f 1503//96 1498//96 1497//96
f 1503//96 1497//96 1510//96
f 1510//96 1497//96 1513//96
f 1510//96 1513//96 1511//96
f 1497//127 1499//127 1514//127
f 1497//127 1514//127 1513//127
f 1513//120 1514//120 1515//120
f 1513//120 1515//120 1511//120
f 1511//117 1515//117 1516//117
f 1511//117 1516//117 1512//117
f 1500//103 1502//103 1499//103
f 1499//103 1502//103 1504//103
f 1499//103 1504//103 1514//103
f 1514//103 1504//103 1509//103
f 1514//103 1509//103 1515//103
f 1515//103 1509//103 1507//103
f 1515//102 1507//102 1516//102
f 1516//102 1507//102 1506//102
f 1517//97 1518//97 1519//97
f 1519//97 1518//97 1520//97
f 1521//28 1522//28 1518//28
f 1518//28 1522//28 1520//28
f 1521//98 1523//98 1522//98
f 1522//98 1523//98 1524//98
f 1525//99 1526//99 1527//99
f 1525//99 1527//99 1528//99
f 1528//100 1527//100 1529//100
f 1528//100 1529//100 1530//100
f 1530//101 1529//101 1524//101
f 1530//101 1524//101 1523//101
f 1530//96 1531//96 1528//96
f 1528//126 1531//126 1532//126
f 1528//96 1532//96 1525//96
f 1521//96 1518//96 1523//96
f 1523//96 1518//96 1517//96
f 1523//96 1517//96 1530//96
f 1530//96 1517//96 1533//96
f 1530//96 1533//96 1531//96
f 1517//127 1519//127 1534//127
f 1517//127 1534//127 1533//127
f 1533//120 1534//120 1535//120
f 1533//120 1535//120 1531//120
f 1531//117 1535//117 1536//117
f 1531//117 1536//117 1532//117
f 1526//103 1536//103 1527//103
f 1527//104 1536//104 1535//104
f 1527//102 1535//102 1534//102
f 1520//103 1522//103 1519//103
f 1519//103 1522//103 1524//103
f 1519//103 1524//103 1534//103
f 1534//103 1524//103 1529//103
f 1534//103 1529//103 1527//103
f 1537//97 1538//97 1539//97
f 1539//97 1538//97 1540//97
f 1541//28 1542//28 1538//28
f 1538//28 1542//28 1540//28
f 1541//98 1543//98 1542//98
f 1542//98 1543//98 1544//98
f 1545//99 1546//99 1547//99
f 1545//99 1547//99 1548//99
f 1548//100 1547//100 1549//100
f 1548//100 1549//100 1550//100
f 1550//101 1549//101 1544//101
f 1550//101 1544//101 1543//101
f 1551//96 1552//96 1548//96
f 1548//125 1552//125 1553//125
f 1548//96 1553//96 1545//96
f 1543//96 1541//96 1538//96
f 1548//96 1550//96 1551//96
f 1551//96 1550//96 1543//96
f 1551//96 1543//96 1537//96
f 1537//96 1543//96 1538//96
f 1537//127 1539//127 1554//127
f 1537//127 1554//127 1551//127
f 1551//120 1554//120 1555//120
f 1551//120 1555//120 1552//120
f 1552//117 1555//117 1556//117
f 1552//117 1556//117 1553//117
f 1546//103 1556//103 1547//103
f 1547//103 1556//103 1555//103
f 1547//103 1555//103 1554//103
f 1540//103 1542//103 1539//103
f 1539//103 1542//103 1544//103
f 1539//103 1544//103 1554//103
f 1554//103 1544//103 1549//103
f 1554//103 1549//103 1547//103
f 1557//97 1558//97 1559//97
f 1559//97 1558//97 1560//97
f 1561//28 1562//28 1558//28
f 1558//28 1562//28 1560//28
f 1561//98 1563//98 1562//98
f 1562//98 1563//98 1564//98
f 1565//99 1566//99 1567//99
f 1565//99 1567//99 1568//99
f 1568//100 1567//100 1569//100
f 1568//100 1569//100 1570//100
f 1570//101 1569//101 1564//101
f 1570//101 1564//101 1563//101
f 1571//110 1565//110 1572//110
f 1572//96 1565//96 1568//96
f 1572//96 1568//96 1570//96
f 1561//96 1558//96 1563//96
f 1563//96 1558//96 1557//96
f 1563//96 1557//96 1570//96
f 1570//96 1557//96 1573//96
f 1570//96 1573//96 1572//96
f 1557//127 1559//127 1574//127
f 1557//127 1574//127 1573//127
f 1573//120 1574//120 1575//120
f 1573//120 1575//120 1572//120
f 1572//117 1575//117 1576//117
f 1572//117 1576//117 1571//117
f 1566//102 1576//102 1567//102
f 1567//104 1576//104 1575//104
f 1567//103 1575//103 1574//103
f 1560//103 1562//103 1559//103
f 1559//103 1562//103 1564//103
f 1559//103 1564//103 1574//103
f 1574//103 1564//103 1569//103
f 1574//103 1569//103 1567//103
f 1577//111 1578//111 1579//111
f 1579//97 1578//97 1580//97
f 1581//28 1582//28 1578//28
f 1578//28 1582//28 1580//28
f 1581//98 1583//98 1582//98
f 1582//98 1583//98 1584//98
f 1585//99 1586//99 1587//99
f 1585//99 1587//99 1588//99
f 1588//100 1587//100 1589//100
f 1588//100 1589//100 1590//100
f 1590//101 1589//101 1584//101
f 1590//101 1584//101 1583//101
f 1590//96 1591//96 1588//96
f 1588//110 1591//110 1592//110
f 1588//96 1592//96 1585//96
f 1581//96 1578//96 1583//96
f 1583//96 1578//96 1577//96
f 1583//96 1577//96 1590//96
f 1590//96 1577//96 1593//96
f 1590//96 1593//96 1591//96
f 1577//127 1579//127 1594//127
f 1577//127 1594//127 1593//127
f 1593//120 1594//120 1595//120
f 1593//120 1595//120 1591//120
f 1591//117 1595//117 1596//117
f 1591//117 1596//117 1592//117
f 1586//139 1596//139 1587//139
f 1587//103 1596//103 1595//103
f 1587//103 1595//103 1594//103
f 1580//103 1582//103 1579//103
f 1579//103 1582//103 1584//103
f 1579//103 1584//103 1594//103
f 1594//103 1584//103 1589//103
f 1594//103 1589//103 1587//103
f 1597//97 1598//97 1599//97
f 1599//97 1598//97 1600//97
f 1601//28 1602//28 1598//28
f 1598//28 1602//28 1600//28
f 1601//98 1603//98 1602//98
f 1602//98 1603//98 1604//98
f 1605//99 1606//99 1607//99
f 1605//99 1607//99 1608//99
f 1608//100 1607//100 1609//100
f 1608//100 1609//100 1610//100
f 1610//101 1609//101 1604//101
f 1610//101 1604//101 1603//101
f 1611//96 1612//96 1608//96
f 1608//125 1612//125 1613//125
f 1608//96 1613//96 1605//96
f 1603//96 1601//96 1598//96
f 1608//126 1610//126 1611//126
f 1611//96 1610//96 1603//96
f 1611//96 1603//96 1597//96
f 1597//96 1603//96 1598//96
f 1597//127 1599//127 1614//127
f 1597//127 1614//127 1611//127
f 1611//120 1614//120 1615//120
f 1611//120 1615//120 1612//120
f 1612//117 1615//117 1616//117
f 1612//117 1616//117 1613//117
f 1606//103 1616//103 1607//103
f 1607//103 1616//103 1615//103
f 1607//103 1615//103 1614//103
f 1600//103 1602//103 1599//103
f 1599//103 1602//103 1604//103
f 1599//103 1604//103 1614//103
f 1614//103 1604//103 1609//103
f 1614//103 1609//103 1607//103
f 1617//97 1618//97 1619//97
f 1619//97 1618//97 1620//97
f 1621//28 1622//28 1618//28
f 1618//28 1622//28 1620//28
f 1621//98 1623//98 1622//98
f 1622//98 1623//98 1624//98
f 1625//99 1626//99 1627//99
f 1625//99 1627//99 1628//99
f 1628//100 1627//100 1629//100
f 1628//100 1629//100 1630//100
f 1630//101 1629//101 1624//101
f 1630//101 1624//101 1623//101
f 1631//96 1625//96 1632//96
f 1632//96 1625//96 1628//96
f 1632//96 1628//96 1630//96
f 1621//96 1618//96 1623//96
f 1623//96 1618//96 1617//96
f 1623//96 1617//96 1630//96
f 1630//96 1617//96 1633//96
f 1630//96 1633//96 1632//96
f 1617//127 1619//127 1634//127
f 1617//127 1634//127 1633//127
f 1633//120 1634//120 1635//120
f 1633//120 1635//120 1632//120
f 1632//117 1635//117 1636//117
f 1632//117 1636//117 1631//117
f 1629//103 1627//103 1635//103
f 1635//102 1627//102 1626//102
f 1635//103 1626//103 1636//103
f 1619//103 1620//103 1622//103
f 1635//103 1634//103 1629//103
f 1629//103 1634//103 1619//103
f 1629//103 1619//103 1624//103
f 1624//103 1619//103 1622//103
f 1637//97 1638//97 1639//97
f 1639//97 1638//97 1640//97
f 1641//28 1642//28 1638//28
f 1638//28 1642//28 1640//28
f 1641//98 1643//98 1642//98
f 1642//98 1643//98 1644//98
f 1645//99 1646//99 1647//99
f 1645//99 1647//99 1648//99
f 1648//100 1647//100 1649//100
f 1648//100 1649//100 1650//100
f 1650//101 1649//101 1644//101
f 1650//101 1644//101 1643//101
f 1651//96 1652//96 1645//96
f 1643//96 1641//96 1638//96
f 1645//96 1648//96 1651//96
f 1651//96 1648//96 1650//96
f 1651//96 1650//96 1653//96
f 1653//96 1650//96 1643//96
f 1653//96 1643//96 1637//96
f 1637//96 1643//96 1638//96
f 1637//152 1639//152 1654//152
f 1637//152 1654//152 1653//152
f 1653//120 1654//120 1655//120
f 1653//120 1655//120 1651//120
f 1651//117 1655//117 1656//117
f 1651//117 1656//117 1652//117
f 1646//104 1656//104 1647//104
f 1647//102 1656//102 1655//102
f 1647//103 1655//103 1649//103
f 1639//103 1640//103 1642//103
f 1655//102 1654//102 1649//102
f 1649//103 1654//103 1639//103
f 1649//103 1639//103 1644//103
f 1644//103 1639//103 1642//103
f 1657//97 1658//97 1659//97
f 1659//97 1658//97 1660//97
f 1661//28 1662//28 1658//28
f 1658//28 1662//28 1660//28
f 1661//98 1663//98 1662//98
f 1662//98 1663//98 1664//98
f 1665//99 1666//99 1667//99
f 1665//99 1667//99 1668//99
f 1668//100 1667//100 1669//100
f 1668//100 1669//100 1670//100
f 1670//101 1669//101 1664//101
f 1670//101 1664//101 1663//101
f 1671//96 1665//96 1672//96
f 1672//126 1665//126 1668//126
f 1672//96 1668//96 1670//96
f 1661//96 1658//96 1663//96
f 1663//96 1658//96 1657//96
f 1663//96 1657//96 1670//96
f 1670//96 1657//96 1673//96
f 1670//96 1673//96 1672//96
f 1657//127 1659//127 1674//127
f 1657//127 1674//127 1673//127
f 1673//120 1674//120 1675//120
f 1673//120 1675//120 1672//120
f 1672//117 1675//117 1676//117
f 1672//117 1676//117 1671//117
f 1666//103 1676//103 1667//103
f 1667//102 1676//102 1675//102
f 1667//103 1675//103 1669//103
f 1659//103 1660//103 1662//103
f 1675//103 1674//103 1669//103
f 1669//102 1674//102 1659//102
f 1669//103 1659//103 1664//103
f 1664//103 1659//103 1662//103
f 1677//97 1678//97 1679//97
f 1679//97 1678//97 1680//97
f 1681//28 1682//28 1678//28
f 1678//28 1682//28 1680//28
f 1681//98 1683//98 1682//98
f 1682//98 1683//98 1684//98
f 1685//99 1686//99 1687//99
f 1685//99 1687//99 1688//99
f 1688//100 1687//100 1689//100
f 1688//100 1689//100 1690//100
f 1690//101 1689//101 1684//101
f 1690//101 1684//101 1683//101
f 1691//96 1692//96 1688//96
f 1688//126 1692//126 1693//126
f 1688//96 1693//96 1685//96
f 1683//96 1681//96 1678//96
f 1688//96 1690//96 1691//96
f 1691//96 1690//96 1683//96
f 1691//96 1683//96 1677//96
f 1677//96 1683//96 1678//96
f 1677//127 1679//127 1694//127
f 1677//127 1694//127 1691//127
f 1691//120 1694//120 1695//120
f 1691//120 1695//120 1692//120
f 1692//117 1695//117 1696//117
f 1692//117 1696//117 1693//117
f 1686//104 1696//104 1687//104
f 1687//102 1696//102 1695//102
f 1687//103 1695//103 1694//103
f 1680//103 1682//103 1679//103
f 1679//103 1682//103 1684//103
f 1679//102 1684//102 1694//102
f 1694//103 1684//103 1689//103
f 1694//103 1689//103 1687//103
f 1697//97 1698//97 1699//97
f 1699//97 1698//97 1700//97
f 1701//28 1702//28 1698//28
f 1698//28 1702//28 1700//28
f 1701//98 1703//98 1702//98
f 1702//98 1703//98 1704//98
f 1705//99 1706//99 1707//99
f 1705//99 1707//99 1708//99
f 1708//100 1707//100 1709//100
f 1708//100 1709//100 1710//100
f 1710//101 1709//101 1704//101
f 1710//101 1704//101 1703//101
f 1710//96 1711//96 1708//96
f 1708//96 1711//96 1712//96
f 1708//96 1712//96 1705//96
f 1701//96 1698//96 1703//96
f 1703//96 1698//96 1697//96
f 1703//96 1697//96 1710//96
f 1710//96 1697//96 1713//96
f 1710//96 1713//96 1711//96
f 1697//127 1699//127 1714//127
f 1697//127 1714//127 1713//127
f 1713//120 1714//120 1715//120
f 1713//120 1715//120 1711//120
f 1711//117 1715//117 1716//117
f 1711//117 1716//117 1712//117
f 1706//103 1716//103 1707//103
f 1707//103 1716//103 1715//103
f 1707//103 1715//103 1709//103
f 1699//103 1700//103 1702//103
f 1715//102 1714//102 1709//102
f 1709//103 1714//103 1699//103
f 1709//103 1699//103 1704//103
f 1704//103 1699//103 1702//103
f 1717//28 1718//28 1719//28
f 1719//28 1718//28 1720//28
f 1717//98 1721//98 1718//98
f 1718//98 1721//98 1722//98
f 1723//99 1724//99 1725//99
f 1723//99 1725//99 1726//99
f 1726//100 1725//100 1727//100
f 1726//100 1727//100 1728//100
f 1728//101 1727//101 1722//101
f 1728//101 1722//101 1721//101
f 1729//96 1730//96 1723//96
f 1721//96 1717//96 1719//96
f 1723//96 1726//96 1729//96
f 1729//96 1726//96 1728//96
f 1729//96 1728//96 1731//96
f 1731//96 1728//96 1721//96
f 1731//96 1721//96 1732//96
f 1732//96 1721//96 1719//96
f 1732//97 1719//97 1733//97
f 1733//97 1719//97 1720//97
f 1734//103 1724//103 1735//103
f 1735//103 1724//103 1736//103
f 1733//103 1720//103 1718//103
f 1718//103 1722//103 1733//103
f 1733//103 1722//103 1727//103
f 1733//103 1727//103 1734//103
f 1734//103 1727//103 1725//103
f 1734//102 1725//102 1724//102
f 1737//97 1738//97 1739//97
f 1739//97 1738//97 1740//97
f 1741//28 1742//28 1738//28
f 1738//28 1742//28 1740//28
f 1741//98 1743//98 1742//98
f 1742//98 1743//98 1744//98
f 1745//99 1746//99 1747//99
f 1745//99 1747//99 1748//99
f 1748//100 1747//100 1749//100
f 1748//100 1749//100 1750//100
f 1750//101 1749//101 1744//101
f 1750//101 1744//101 1743//101
f 1751//96 1752//96 1745//96
f 1743//96 1741//96 1738//96
f 1745//96 1748//96 1751//96
f 1751//96 1748//96 1750//96
f 1751//96 1750//96 1753//96
f 1753//96 1750//96 1743//96
f 1753//96 1743//96 1737//96
f 1737//96 1743//96 1738//96
f 1737//127 1739//127 1754//127
f 1737//127 1754//127 1753//127
f 1753//120 1754//120 1755//120
f 1753//120 1755//120 1751//120
f 1751//117 1755//117 1756//117
f 1751//117 1756//117 1752//117
f 1746//102 1756//102 1747//102
f 1747//103 1756//103 1755//103
f 1747//103 1755//103 1754//103
f 1740//103 1742//103 1739//103
f 1739//103 1742//103 1744//103
f 1739//103 1744//103 1754//103
f 1754//103 1744//103 1749//103
f 1754//103 1749//103 1747//103
f 1757//96 1758//96 1759//96
f 1759//96 1758//96 1760//96
f 1759//96 1760//96 1761//96
f 1762//96 1763//96 1764//96
f 1759//96 1765//96 1757//96
f 1757//96 1765//96 1762//96
f 1757//96 1762//96 1766//96
f 1766//96 1762//96 1764//96
f 1766//127 1767//127 1768//127
f 1766//127 1768//127 1757//127
f 1757//120 1768//120 1769//120
f 1757//120 1769//120 1758//120
f 1758//117 1769//117 1770//117
f 1758//117 1770//117 1760//117
f 1766//97 1764//97 1767//97
f 1767//97 1764//97 1771//97
f 1771//28 1764//28 1772//28
f 1772//28 1764//28 1763//28
f 1763//98 1762//98 1772//98
f 1772//98 1762//98 1773//98
f 1761//99 1774//99 1775//99
f 1761//99 1775//99 1759//99
f 1759//100 1775//100 1776//100
f 1759//100 1776//100 1765//100
f 1765//101 1776//101 1773//101
f 1765//101 1773//101 1762//101
f 1774//102 1770//102 1775//102
f 1775//103 1770//103 1769//103
f 1775//103 1769//103 1768//103
f 1771//103 1772//103 1767//103
f 1767//103 1772//103 1773//103
f 1767//103 1773//103 1768//103
f 1768//103 1773//103 1776//103
f 1768//103 1776//103 1775//103
f 183//28 270//28 1777//28
f 250//28 248//28 160//28
f 276//28 284//28 294//28
f 294//28 284//28 1778//28
f 294//28 1778//28 304//28
f 304//28 1778//28 1779//28
f 94//28 293//28 96//28
f 96//29 293//29 301//29
f 294//28 293//28 276//28
f 276//29 293//29 94//29
f 276//28 94//28 277//28
f 277//28 94//28 93//28
f 277//29 93//29 273//29
f 270//28 265//28 262//28
f 1777//28 1745//28 159//28
f 159//28 1745//28 1752//28
f 159//28 1752//28 160//28
f 1760//28 1770//28 262//28
f 270//28 262//28 1777//28
f 1777//29 262//29 1770//29
f 1777//28 1770//28 1774//28
f 262//28 250//28 1760//28
f 1760//29 250//29 160//29
f 1760//28 160//28 1761//28
f 1761//29 160//29 1752//29
f 1761//28 1752//28 1774//28
f 1774//28 1752//28 1756//28
f 1774//29 1756//29 1777//29
f 1777//28 1756//28 1746//28
f 1777//28 1746//28 1745//28
f 284//28 282//28 1778//28
f 1778//28 282//28 271//28
f 1778//29 271//29 274//29
f 1780//28 1724//28 1723//28
f 1724//28 1780//28 1736//28
f 1736//28 1780//28 1777//28
f 1736//28 1777//28 1730//28
f 1730//28 1777//28 159//28
f 1730//28 159//28 1723//28
f 1723//28 159//28 158//28
f 1723//28 158//28 1780//28
f 1781//28 1706//28 1705//28
f 1706//28 1781//28 1716//28
f 1716//28 1781//28 1780//28
f 1716//28 1780//28 1712//28
f 1712//28 1780//28 158//28
f 1712//28 158//28 1705//28
f 1705//28 158//28 157//28
f 1705//28 157//28 1781//28
f 1782//28 1686//28 1685//28
f 1645//28 155//28 1783//28
f 1656//28 1666//28 1652//28
f 1652//28 1666//28 1665//28
f 1676//28 1666//28 1782//28
f 1782//28 1666//28 1656//28
f 1782//28 1656//28 1783//28
f 1783//28 1656//28 1646//28
f 1783//28 1646//28 1645//28
f 1645//28 1652//28 155//28
f 155//29 1652//29 1665//29
f 155//28 1665//28 156//28
f 156//28 1665//28 1671//28
f 1686//28 1782//28 1696//28
f 1696//28 1782//28 1781//28
f 1696//28 1781//28 1693//28
f 1693//28 1781//28 157//28
f 1693//28 157//28 1685//28
f 1685//28 157//28 156//28
f 1685//28 156//28 1782//28
f 1782//28 156//28 1671//28
f 1782//28 1671//28 1676//28
f 1784//28 1626//28 1625//28
f 1626//28 1784//28 1636//28
f 1636//28 1784//28 1783//28
f 1636//157 1783//157 1631//157
f 1631//28 1783//28 155//28
f 1631//28 155//28 1625//28
f 1625//28 155//28 154//28
f 1625//28 154//28 1784//28
f 1785//28 1606//28 1605//28
f 1606//28 1785//28 1616//28
f 1616//28 1785//28 1784//28
f 1616//28 1784//28 1613//28
f 1613//28 1784//28 154//28
f 1613//28 154//28 1605//28
f 1605//28 154//28 153//28
f 1605//28 153//28 1785//28
f 1786//28 1586//28 1585//28
f 1586//28 1786//28 1596//28
f 1596//28 1786//28 1785//28
f 1596//28 1785//28 1592//28
f 1592//28 1785//28 153//28
f 1592//28 153//28 1585//28
f 1585//28 153//28 152//28
f 1585//28 152//28 1786//28
f 151//28 1787//28 1545//28
f 1545//28 1787//28 1546//28
f 1556//28 1566//28 1553//28
f 1553//28 1566//28 1565//28
f 1546//28 1787//28 1556//28
f 1556//28 1787//28 1786//28
f 1556//28 1786//28 1566//28
f 1545//28 1553//28 151//28
f 151//28 1553//28 1565//28
f 151//28 1565//28 152//28
f 152//28 1565//28 1571//28
f 152//28 1571//28 1786//28
f 1786//28 1571//28 1576//28
f 1786//28 1576//28 1566//28
f 1788//28 1526//28 1525//28
f 1526//28 1788//28 1536//28
f 1536//28 1788//28 1787//28
f 1536//28 1787//28 1532//28
f 1532//28 1787//28 151//28
f 1532//28 151//28 1525//28
f 1525//28 151//28 150//28
f 1525//28 150//28 1788//28
f 1789//28 1506//28 1505//28
f 1506//28 1789//28 1516//28
f 1516//28 1789//28 1788//28
f 1516//157 1788//157 1512//157
f 1512//28 1788//28 150//28
f 1512//28 150//28 1505//28
f 1505//28 150//28 149//28
f 1505//28 149//28 1789//28
f 1790//28 1486//28 1485//28
f 1486//28 1790//28 1496//28
f 1496//28 1790//28 1789//28
f 1496//28 1789//28 1492//28
f 1492//28 1789//28 149//28
f 1492//28 149//28 1485//28
f 1485//28 149//28 148//28
f 1485//28 148//28 1790//28
f 1791//28 1475//28 1468//28
f 1475//28 1791//28 1473//28
f 1473//28 1791//28 1790//28
f 1473//28 1790//28 1466//28
f 1466//28 1790//28 148//28
f 1466//28 148//28 1468//28
f 1468//28 148//28 147//28
f 1468//28 147//28 1791//28
f 1792//28 1455//28 1448//28
f 1455//28 1792//28 1453//28
f 1453//28 1792//28 1791//28
f 1453//28 1791//28 1446//28
f 1446//28 1791//28 147//28
f 1446//28 147//28 1448//28
f 1448//28 147//28 146//28
f 1448//28 146//28 1792//28
f 1793//28 1435//28 1428//28
f 1435//28 1793//28 1433//28
f 1433//28 1793//28 1792//28
f 1433//28 1792//28 1426//28
f 1426//28 1792//28 146//28
f 1426//28 146//28 1428//28
f 1428//28 146//28 145//28
f 1428//28 145//28 1793//28
f 1794//28 1406//28 1405//28
f 1406//28 1794//28 1416//28
f 1416//29 1794//29 1793//29
f 1416//28 1793//28 1411//28
f 1411//28 1793//28 145//28
f 1411//28 145//28 1405//28
f 1405//28 145//28 144//28
f 1405//28 144//28 1794//28
f 1376//28 1395//28 1371//28
f 1371//28 1395//28 1388//28
f 143//157 1795//157 1365//157
f 1365//28 1795//28 1366//28
f 1366//28 1795//28 1376//28
f 1376//28 1795//28 1794//28
f 1376//29 1794//29 1395//29
f 1365//28 1371//28 143//28
f 143//29 1371//29 1388//29
f 143//28 1388//28 144//28
f 144//28 1388//28 1386//28
f 144//28 1386//28 1794//28
f 1794//28 1386//28 1393//28
f 1794//29 1393//29 1395//29
f 1796//28 1355//28 1348//28
f 1796//29 1336//29 1797//29
f 1797//29 1336//29 1326//29
f 1797//28 1326//28 1325//28
f 1333//28 142//28 1325//28
f 1325//28 142//28 141//28
f 1325//28 141//28 1797//28
f 1355//28 1796//28 1353//28
f 1353//29 1796//29 1795//29
f 1353//28 1795//28 1346//28
f 1346//28 1795//28 143//28
f 1346//28 143//28 1348//28
f 1348//28 143//28 142//28
f 1348//28 142//28 1796//28
f 1796//28 142//28 1333//28
f 1796//28 1333//28 1336//28
f 1798//28 1315//28 1308//28
f 1268//28 139//28 1799//28
f 1273//28 1286//28 1266//28
f 1266//28 1286//28 1285//28
f 1296//29 1286//29 1798//29
f 1798//28 1286//28 1273//28
f 1798//28 1273//28 1799//28
f 1799//28 1273//28 1275//28
f 1799//28 1275//28 1268//28
f 1268//28 1266//28 139//28
f 139//28 1266//28 1285//28
f 139//28 1285//28 140//28
f 140//28 1285//28 1292//28
f 1315//28 1798//28 1313//28
f 1313//28 1798//28 1797//28
f 1313//28 1797//28 1306//28
f 1306//28 1797//28 141//28
f 1306//28 141//28 1308//28
f 1308//28 141//28 140//28
f 1308//28 140//28 1798//28
f 1798//28 140//28 1292//28
f 1798//28 1292//28 1296//28
f 1800//28 1255//28 1248//28
f 1255//28 1800//28 1253//28
f 1253//28 1800//28 1799//28
f 1253//28 1799//28 1246//28
f 1246//28 1799//28 139//28
f 1246//28 139//28 1248//28
f 1248//28 139//28 138//28
f 1248//28 138//28 1800//28
f 1801//28 1235//28 1228//28
f 1235//28 1801//28 1233//28
f 1233//28 1801//28 1800//28
f 1233//28 1800//28 1226//28
f 1226//28 1800//28 138//28
f 1226//28 138//28 1228//28
f 1228//28 138//28 137//28
f 1228//28 137//28 1801//28
f 1802//28 1803//28 1212//28
f 1803//28 1802//28 1804//28
f 1804//29 1802//29 1801//29
f 1804//28 1801//28 1210//28
f 1210//28 1801//28 137//28
f 1210//28 137//28 1212//28
f 1212//28 137//28 136//28
f 1212//28 136//28 1802//28
f 135//28 1805//28 1173//28
f 1173//158 1805//158 1180//158
f 1181//28 1194//28 1172//28
f 1172//28 1194//28 1193//28
f 1180//28 1805//28 1181//28
f 1181//28 1805//28 1802//28
f 1181//28 1802//28 1194//28
f 1173//28 1172//28 135//28
f 135//29 1172//29 1193//29
f 135//28 1193//28 136//28
f 136//28 1193//28 1200//28
f 136//28 1200//28 1802//28
f 1802//28 1200//28 1204//28
f 1802//28 1204//28 1194//28
f 1806//28 1152//28 1151//28
f 1152//28 1806//28 1164//28
f 1164//29 1806//29 1805//29
f 1164//28 1805//28 1158//28
f 1158//28 1805//28 135//28
f 1158//28 135//28 1151//28
f 1151//28 135//28 134//28
f 1151//28 134//28 1806//28
f 1807//28 1143//28 1136//28
f 1807//28 1124//28 1808//28
f 1808//28 1124//28 1112//28
f 1808//28 1112//28 1111//28
f 1118//28 132//28 1111//28
f 1111//28 132//28 131//28
f 1111//28 131//28 1808//28
f 1143//28 1807//28 1141//28
f 1141//28 1807//28 1806//28
f 1141//28 1806//28 1134//28
f 1134//28 1806//28 134//28
f 1134//28 134//28 1136//28
f 1136//28 134//28 132//28
f 1136//28 132//28 1807//28
f 1807//28 132//28 1118//28
f 1807//28 1118//28 1124//28
f 1809//157 1094//157 1093//157
f 1809//28 1084//28 1810//28
f 1810//28 1084//28 1072//28
f 1810//158 1072//158 1071//158
f 1078//28 130//28 1071//28
f 1071//28 130//28 129//28
f 1071//28 129//28 1810//28
f 1094//29 1809//29 1104//29
f 1104//28 1809//28 1808//28
f 1104//157 1808//157 1101//157
f 1101//28 1808//28 131//28
f 1101//28 131//28 1093//28
f 1093//28 131//28 130//28
f 1093//28 130//28 1809//28
f 1809//28 130//28 1078//28
f 1809//28 1078//28 1084//28
f 1811//157 1054//157 1053//157
f 1054//29 1811//29 1064//29
f 1064//28 1811//28 1810//28
f 1064//28 1810//28 1061//28
f 1061//28 1810//28 129//28
f 1061//28 129//28 1053//28
f 1053//28 129//28 128//28
f 1053//28 128//28 1811//28
f 1812//28 1034//28 1033//28
f 1812//28 1024//28 1014//28
f 994//28 1812//28 1004//28
f 1004//159 1812//159 1014//159
f 1004//28 1014//28 999//28
f 1020//28 127//28 1013//28
f 1013//28 127//28 126//28
f 1034//28 1812//28 1044//28
f 1044//29 1812//29 1811//29
f 1044//28 1811//28 1039//28
f 1039//28 1811//28 128//28
f 1039//28 128//28 1033//28
f 1033//28 128//28 127//28
f 1033//28 127//28 1812//28
f 1812//28 127//28 1020//28
f 1812//28 1020//28 1024//28
f 984//28 974//28 1813//28
f 1813//158 974//158 973//158
f 1813//157 973//157 126//157
f 126//28 973//28 979//28
f 1813//28 1812//28 984//28
f 984//160 1812//160 994//160
f 984//28 994//28 979//28
f 979//28 994//28 993//28
f 979//28 993//28 126//28
f 126//28 993//28 999//28
f 126//161 999//161 1013//161
f 1013//28 999//28 1014//28
f 1814//28 954//28 953//28
f 954//28 1814//28 964//28
f 964//29 1814//29 1813//29
f 964//28 1813//28 960//28
f 960//28 1813//28 126//28
f 960//28 126//28 953//28
f 953//28 126//28 125//28
f 953//28 125//28 1814//28
f 1815//28 934//28 933//28
f 1815//28 924//28 1816//28
f 1816//28 924//28 914//28
f 1816//28 914//28 913//28
f 921//28 124//28 913//28
f 913//28 124//28 123//28
f 913//28 123//28 1816//28
f 934//28 1815//28 944//28
f 944//28 1815//28 1814//28
f 944//28 1814//28 939//28
f 939//28 1814//28 125//28
f 939//28 125//28 933//28
f 933//28 125//28 124//28
f 933//28 124//28 1815//28
f 1815//28 124//28 921//28
f 1815//28 921//28 924//28
f 1817//157 894//157 893//157
f 1817//29 884//29 1818//29
f 1818//28 884//28 874//28
f 1818//28 874//28 873//28
f 881//29 122//29 873//29
f 873//28 122//28 121//28
f 873//28 121//28 1818//28
f 894//29 1817//29 904//29
f 904//29 1817//29 1816//29
f 904//28 1816//28 900//28
f 900//28 1816//28 123//28
f 900//28 123//28 893//28
f 893//29 123//29 122//29
f 893//158 122//158 1817//158
f 1817//157 122//157 881//157
f 1817//28 881//28 884//28
f 1819//158 854//158 853//158
f 1819//29 844//29 1820//29
f 1820//28 844//28 834//28
f 1820//28 834//28 833//28
f 841//28 120//28 833//28
f 833//28 120//28 119//28
f 833//28 119//28 1820//28
f 854//28 1819//28 864//28
f 864//28 1819//28 1818//28
f 864//28 1818//28 859//28
f 859//28 1818//28 121//28
f 859//28 121//28 853//28
f 853//28 121//28 120//28
f 853//157 120//157 1819//157
f 1819//28 120//28 841//28
f 1819//28 841//28 844//28
f 118//28 1821//28 793//28
f 793//157 1821//157 794//157
f 813//28 799//28 814//28
f 814//28 799//28 804//28
f 794//29 1821//29 804//29
f 804//28 1821//28 1820//28
f 804//28 1820//28 814//28
f 793//28 799//28 118//28
f 118//28 799//28 813//28
f 118//28 813//28 119//28
f 119//28 813//28 819//28
f 119//28 819//28 1820//28
f 1820//28 819//28 824//28
f 1820//28 824//28 814//28
f 1822//157 783//157 776//157
f 783//29 1822//29 781//29
f 781//29 1822//29 1821//29
f 781//28 1821//28 774//28
f 774//28 1821//28 118//28
f 774//28 118//28 776//28
f 776//29 118//29 117//29
f 776//158 117//158 1822//158
f 1823//28 754//28 753//28
f 1823//28 741//28 1824//28
f 1824//28 741//28 743//28
f 1824//158 743//158 736//158
f 734//28 116//28 736//28
f 736//28 116//28 115//28
f 736//28 115//28 1824//28
f 754//28 1823//28 764//28
f 764//28 1823//28 1822//28
f 764//28 1822//28 761//28
f 761//157 1822//157 117//157
f 761//29 117//29 753//29
f 753//28 117//28 116//28
f 753//157 116//157 1823//157
f 1823//28 116//28 734//28
f 1823//28 734//28 741//28
f 1825//28 723//28 716//28
f 1825//28 701//28 1826//28
f 1826//28 701//28 703//28
f 1826//28 703//28 696//28
f 694//29 114//29 696//29
f 696//28 114//28 113//28
f 696//28 113//28 1826//28
f 723//28 1825//28 721//28
f 721//28 1825//28 1824//28
f 721//28 1824//28 714//28
f 714//28 1824//28 115//28
f 714//28 115//28 716//28
f 716//29 115//29 114//29
f 716//158 114//158 1825//158
f 1825//157 114//157 694//157
f 1825//28 694//28 701//28
f 1827//157 683//157 676//157
f 1827//29 661//29 1828//29
f 1828//28 661//28 663//28
f 1828//28 663//28 656//28
f 654//28 112//28 656//28
f 656//29 112//29 111//29
f 656//158 111//158 1828//158
f 683//29 1827//29 681//29
f 681//28 1827//28 1826//28
f 681//28 1826//28 674//28
f 674//28 1826//28 113//28
f 674//28 113//28 676//28
f 676//28 113//28 112//28
f 676//28 112//28 1827//28
f 1827//28 112//28 654//28
f 1827//28 654//28 661//28
f 636//28 619//28 643//28
f 643//28 619//28 624//28
f 643//28 624//28 1828//28
f 613//28 110//28 1829//28
f 1828//28 624//28 1829//28
f 1829//28 624//28 614//28
f 1829//158 614//158 613//158
f 613//28 619//28 110//28
f 110//28 619//28 636//28
f 110//28 636//28 111//28
f 111//28 636//28 634//28
f 111//28 634//28 1828//28
f 1828//28 634//28 641//28
f 1828//28 641//28 643//28
f 1830//158 603//158 596//158
f 603//28 1830//28 601//28
f 601//28 1830//28 1829//28
f 601//28 1829//28 594//28
f 594//28 1829//28 110//28
f 594//28 110//28 596//28
f 596//28 110//28 109//28
f 596//28 109//28 1830//28
f 1831//28 574//28 573//28
f 1831//28 561//28 1832//28
f 1832//28 561//28 563//28
f 1832//28 563//28 556//28
f 554//28 108//28 556//28
f 556//28 108//28 107//28
f 556//28 107//28 1832//28
f 574//28 1831//28 584//28
f 584//28 1831//28 1830//28
f 584//28 1830//28 581//28
f 581//157 1830//157 109//157
f 581//29 109//29 573//29
f 573//28 109//28 108//28
f 573//28 108//28 1831//28
f 1831//28 108//28 554//28
f 1831//28 554//28 561//28
f 1833//28 540//28 533//28
f 1833//28 521//28 1834//28
f 1834//28 521//28 520//28
f 1834//28 520//28 513//28
f 512//28 106//28 513//28
f 513//29 106//29 105//29
f 513//158 105//158 1834//158
f 540//28 1833//28 541//28
f 541//28 1833//28 1832//28
f 541//28 1832//28 532//28
f 532//158 1832//158 107//158
f 532//28 107//28 533//28
f 533//28 107//28 106//28
f 533//28 106//28 1833//28
f 1833//28 106//28 512//28
f 1833//28 512//28 521//28
f 1835//158 500//158 493//158
f 500//28 1835//28 501//28
f 501//28 1835//28 1834//28
f 501//28 1834//28 492//28
f 492//28 1834//28 105//28
f 492//28 105//28 493//28
f 493//28 105//28 104//28
f 493//28 104//28 1835//28
f 1836//158 483//158 476//158
f 433//28 102//28 1837//28
f 444//28 454//28 441//28
f 441//158 454//158 453//158
f 464//29 454//29 1836//29
f 1836//159 454//159 444//159
f 1836//28 444//28 1837//28
f 1837//29 444//29 434//29
f 1837//157 434//157 433//157
f 433//28 441//28 102//28
f 102//161 441//161 453//161
f 102//29 453//29 103//29
f 103//29 453//29 461//29
f 483//28 1836//28 481//28
f 481//28 1836//28 1835//28
f 481//28 1835//28 474//28
f 474//28 1835//28 104//28
f 474//28 104//28 476//28
f 476//28 104//28 103//28
f 476//28 103//28 1836//28
f 1836//157 103//157 461//157
f 1836//158 461//158 464//158
f 1838//158 412//158 411//158
f 1838//28 404//28 1839//28
f 1839//28 404//28 394//28
f 1839//28 394//28 393//28
f 401//28 101//28 393//28
f 393//29 101//29 100//29
f 393//158 100//158 1839//158
f 412//28 1838//28 424//28
f 424//28 1838//28 1837//28
f 424//28 1837//28 418//28
f 418//158 1837//158 102//158
f 418//28 102//28 411//28
f 411//28 102//28 101//28
f 411//28 101//28 1838//28
f 1838//28 101//28 401//28
f 1838//157 401//157 404//157
f 1840//28 374//28 373//28
f 374//28 1840//28 384//28
f 384//28 1840//28 1839//28
f 384//28 1839//28 381//28
f 381//28 1839//28 100//28
f 381//28 100//28 373//28
f 373//28 100//28 99//28
f 373//28 99//28 1840//28
f 1841//28 354//28 353//28
f 1841//28 344//28 1842//28
f 1842//28 344//28 334//28
f 1842//28 334//28 333//28
f 340//28 98//28 333//28
f 333//28 98//28 97//28
f 333//28 97//28 1842//28
f 354//28 1841//28 364//28
f 364//29 1841//29 1840//29
f 364//28 1840//28 361//28
f 361//28 1840//28 99//28
f 361//28 99//28 353//28
f 353//28 99//28 98//28
f 353//157 98//157 1841//157
f 1841//28 98//28 340//28
f 1841//28 340//28 344//28
f 1779//162 314//162 313//162
f 314//28 1779//28 324//28
f 324//28 1779//28 1842//28
f 324//28 1842//28 321//28
f 321//28 1842//28 97//28
f 321//28 97//28 313//28
f 313//28 97//28 96//28
f 313//157 96//157 1779//157
f 1779//157 96//157 301//157
f 1779//28 301//28 304//28
f 183//28 1777//28 184//28
f 184//28 1777//28 1780//28
f 184//28 1780//28 185//28
f 185//28 1780//28 1781//28
f 185//28 1781//28 186//28
f 186//28 1781//28 1782//28
f 186//28 1782//28 187//28
f 187//28 1782//28 1783//28
f 187//28 1783//28 188//28
f 188//28 1783//28 1784//28
f 188//28 1784//28 189//28
f 189//28 1784//28 1785//28
f 189//28 1785//28 190//28
f 190//28 1785//28 1786//28
f 190//28 1786//28 191//28
f 191//28 1786//28 1787//28
f 191//28 1787//28 192//28
f 192//28 1787//28 1788//28
f 192//28 1788//28 193//28
f 193//28 1788//28 1789//28
f 193//28 1789//28 194//28
f 194//28 1789//28 1790//28
f 194//28 1790//28 195//28
f 195//28 1790//28 1791//28
f 195//28 1791//28 196//28
f 196//28 1791//28 1792//28
f 196//29 1792//29 197//29
f 197//29 1792//29 1793//29
f 197//28 1793//28 198//28
f 198//28 1793//28 1794//28
f 198//28 1794//28 199//28
f 199//28 1794//28 1795//28
f 199//28 1795//28 200//28
f 200//28 1795//28 1796//28
f 200//28 1796//28 201//28
f 201//28 1796//28 1797//28
f 201//28 1797//28 202//28
f 202//28 1797//28 1798//28
f 202//29 1798//29 203//29
f 203//29 1798//29 1799//29
f 203//28 1799//28 204//28
f 204//28 1799//28 1800//28
f 204//29 1800//29 205//29
f 205//29 1800//29 1801//29
f 205//28 1801//28 206//28
f 206//28 1801//28 1802//28
f 206//28 1802//28 207//28
f 207//28 1802//28 1805//28
f 207//29 1805//29 208//29
f 208//29 1805//29 1806//29
f 208//29 1806//29 209//29
f 209//29 1806//29 1807//29
f 209//29 1807//29 210//29
f 210//29 1807//29 1808//29
f 210//28 1808//28 211//28
f 211//28 1808//28 1809//28
f 211//29 1809//29 212//29
f 212//29 1809//29 1810//29
f 212//29 1810//29 213//29
f 213//29 1810//29 1811//29
f 213//28 1811//28 214//28
f 214//28 1811//28 1812//28
f 214//28 1812//28 215//28
f 215//28 1812//28 1813//28
f 215//29 1813//29 216//29
f 216//29 1813//29 1814//29
f 216//28 1814//28 217//28
f 217//28 1814//28 1815//28
f 217//28 1815//28 218//28
f 218//28 1815//28 1816//28
f 218//28 1816//28 219//28
f 219//28 1816//28 1817//28
f 219//28 1817//28 220//28
f 220//28 1817//28 1818//28
f 220//28 1818//28 221//28
f 221//28 1818//28 1819//28
f 221//29 1819//29 222//29
f 222//29 1819//29 1820//29
f 222//28 1820//28 223//28
f 223//28 1820//28 1821//28
f 223//28 1821//28 224//28
f 224//28 1821//28 1822//28
f 224//28 1822//28 225//28
f 225//28 1822//28 1823//28
f 225//28 1823//28 226//28
f 226//28 1823//28 1824//28
f 226//29 1824//29 227//29
f 227//29 1824//29 1825//29
f 227//28 1825//28 228//28
f 228//28 1825//28 1826//28
f 228//28 1826//28 229//28
f 229//28 1826//28 1827//28
f 229//28 1827//28 230//28
f 230//28 1827//28 1828//28
f 230//29 1828//29 231//29
f 231//29 1828//29 1829//29
f 231//28 1829//28 232//28
f 232//28 1829//28 1830//28
f 232//29 1830//29 233//29
f 233//29 1830//29 1831//29
f 233//28 1831//28 234//28
f 234//28 1831//28 1832//28
f 234//28 1832//28 235//28
f 235//28 1832//28 1833//28
f 235//29 1833//29 236//29
f 236//29 1833//29 1834//29
f 236//28 1834//28 237//28
f 237//28 1834//28 1835//28
f 237//28 1835//28 238//28
f 238//28 1835//28 1836//28
f 238//29 1836//29 239//29
f 239//29 1836//29 1837//29
f 239//28 1837//28 240//28
f 240//28 1837//28 1838//28
f 240//29 1838//29 241//29
f 241//29 1838//29 1839//29
f 241//28 1839//28 242//28
f 242//28 1839//28 1840//28
f 242//28 1840//28 243//28
f 243//28 1840//28 1841//28
f 243//29 1841//29 244//29
f 244//29 1841//29 1842//29
f 244//28 1842//28 245//28
f 245//28 1842//28 1779//28
f 245//29 1779//29 246//29
f 246//29 1779//29 1778//29
f 246//29 1778//29 175//29
f 175//29 1778//29 274//29
f 175//28 274//28 176//28
f 1214//127 1843//127 1844//127
f 1214//127 1844//127 1215//127
f 1215//120 1844//120 1845//120
f 1215//120 1845//120 1216//120
f 1216//117 1845//117 1804//117
f 1216//117 1804//117 1210//117
f 1846//103 1803//103 1804//103
f 1843//103 1847//103 1207//103
f 1804//103 1845//103 1846//103
f 1846//102 1845//102 1844//102
f 1846//103 1844//103 1848//103
f 1848//103 1844//103 1843//103
f 1848//103 1843//103 1208//103
f 1208//103 1843//103 1207//103
f 1214//97 1213//97 1843//97
f 1843//111 1213//111 1847//111
f 1205//28 1207//28 1213//28
f 1213//28 1207//28 1847//28
f 1849//49 1850//49 1851//49
f 1851//50 1850//50 1852//50
f 1851//49 1852//49 1853//49
f 1853//49 1854//49 1851//49
f 1851//50 1854//50 1855//50
f 1851//49 1855//49 1856//49
f 1855//49 1857//49 1856//49
f 1856//49 1857//49 1858//49
f 1856//49 1858//49 1859//49
f 1859//49 1858//49 1860//49
f 1859//49 1860//49 1861//49
f 1861//49 1862//49 1859//49
f 1859//49 1862//49 1863//49
f 1859//49 1863//49 1849//49
f 1849//49 1863//49 1864//49
f 1849//49 1864//49 1850//49
f 66//61 1860//61 65//61
f 65//61 1860//61 1858//61
f 65//45 1858//45 76//45
f 76//163 1858//163 1857//163
f 76//63 1857//63 75//63
f 75//48 1857//48 1855//48
f 75//52 1855//52 74//52
f 74//30 1855//30 1854//30
f 74//164 1854//164 73//164
f 73//31 1854//31 1853//31
f 73//54 1853//54 72//54
f 72//32 1853//32 1852//32
f 72//34 1852//34 71//34
f 71//34 1852//34 1850//34
f 71//55 1850//55 70//55
f 70//165 1850//165 1864//165
f 70//37 1864//37 69//37
f 69//37 1864//37 1863//37
f 69//166 1863//166 68//166
f 68//167 1863//167 1862//167
f 68//42 1862//42 67//42
f 67//59 1862//59 1861//59
f 67//168 1861//168 66//168
f 66//168 1861//168 1860//168
f 65//28 1865//28 66//28
f 66//28 1865//28 1866//28
f 66//28 1866//28 67//28
f 65//28 76//28 1865//28
f 1865//157 76//157 75//157
f 1865//28 75//28 1867//28
f 1867//29 75//29 74//29
f 71//28 1868//28 72//28
f 72//28 1868//28 1867//28
f 72//28 1867//28 73//28
f 73//28 1867//28 74//28
f 71//28 70//28 1868//28
f 1868//29 70//29 69//29
f 1868//28 69//28 1866//28
f 1866//28 69//28 68//28
f 1866//28 68//28 67//28
f 1869//26 1870//26 1871//26
f 1871//26 1870//26 1872//26
f 1871//169 1872//169 1859//169
f 1859//25 1872//25 1866//25
f 1859//25 1866//25 1856//25
f 1856//25 1866//25 1865//25
f 1856//26 1865//26 1869//26
f 1869//25 1865//25 1870//25
f 1873//24 1874//24 1875//24
f 1875//23 1874//23 1876//23
f 1875//24 1876//24 1872//24
f 1872//108 1876//108 1877//108
f 1877//108 1876//108 1878//108
f 1877//108 1878//108 1879//108
f 1877//24 1880//24 1872//24
f 1872//108 1880//108 1881//108
f 1872//24 1881//24 1866//24
f 1866//107 1881//107 1882//107
f 1866//24 1882//24 1883//24
f 1884//24 1885//24 1868//24
f 1868//24 1885//24 1886//24
f 1868//24 1886//24 1875//24
f 1875//23 1886//23 1887//23
f 1875//23 1887//23 1873//23
f 1883//24 1888//24 1866//24
f 1866//107 1888//107 1889//107
f 1866//24 1889//24 1868//24
f 1868//24 1889//24 1890//24
f 1868//24 1890//24 1891//24
f 1891//24 1892//24 1893//24
f 1893//107 1892//107 1878//107
f 1878//24 1892//24 1894//24
f 1878//107 1894//107 1879//107
f 1893//24 1895//24 1891//24
f 1891//24 1895//24 1896//24
f 1891//24 1896//24 1868//24
f 1868//170 1896//170 1897//170
f 1868//107 1897//107 1884//107
f 1898//171 1886//171 1899//171
f 1899//171 1886//171 1885//171
f 1899//172 1885//172 1900//172
f 1900//172 1885//172 1884//172
f 1900//173 1884//173 1901//173
f 1901//173 1884//173 1897//173
f 1901//174 1897//174 1902//174
f 1902//175 1897//175 1896//175
f 1902//79 1896//79 1903//79
f 1903//79 1896//79 1895//79
f 1903//176 1895//176 1904//176
f 1904//176 1895//176 1893//176
f 1904//81 1893//81 1905//81
f 1905//81 1893//81 1878//81
f 1905//177 1878//177 1906//177
f 1906//83 1878//83 1876//83
f 1906//80 1876//80 1907//80
f 1907//80 1876//80 1874//80
f 1907//66 1874//66 1908//66
f 1908//65 1874//65 1873//65
f 1908//77 1873//77 1909//77
f 1909//178 1873//178 1887//178
f 1909//78 1887//78 1898//78
f 1898//78 1887//78 1886//78
f 1898//51 1899//51 1849//51
f 1904//179 1910//179 1911//179
f 1899//51 1900//51 1849//51
f 1849//180 1900//180 1901//180
f 1849//51 1901//51 1912//51
f 1871//51 1913//51 1914//51
f 1898//51 1849//51 1909//51
f 1909//51 1849//51 1915//51
f 1909//51 1915//51 1908//51
f 1911//51 1916//51 1904//51
f 1904//51 1916//51 1917//51
f 1904//51 1917//51 1903//51
f 1903//51 1917//51 1912//51
f 1903//181 1912//181 1902//181
f 1902//182 1912//182 1901//182
f 1912//181 1918//181 1849//181
f 1849//183 1918//183 1919//183
f 1849//51 1919//51 1859//51
f 1859//184 1919//184 1920//184
f 1859//51 1920//51 1871//51
f 1871//181 1920//181 1921//181
f 1871//51 1921//51 1913//51
f 1904//51 1905//51 1910//51
f 1910//51 1905//51 1906//51
f 1910//51 1906//51 1907//51
f 1914//51 1922//51 1871//51
f 1871//51 1922//51 1910//51
f 1871//51 1910//51 1915//51
f 1915//51 1910//51 1907//51
f 1915//181 1907//181 1908//181
f 1917//185 1892//185 1912//185
f 1912//185 1892//185 1891//185
f 1912//172 1891//172 1918//172
f 1918//186 1891//186 1890//186
f 1918//173 1890//173 1919//173
f 1919//173 1890//173 1889//173
f 1919//174 1889//174 1920//174
f 1920//174 1889//174 1888//174
f 1920//79 1888//79 1921//79
f 1921//187 1888//187 1883//187
f 1921//188 1883//188 1913//188
f 1913//176 1883//176 1882//176
f 1913//82 1882//82 1914//82
f 1914//81 1882//81 1881//81
f 1914//189 1881//189 1922//189
f 1922//83 1881//83 1880//83
f 1922//80 1880//80 1910//80
f 1910//80 1880//80 1877//80
f 1910//64 1877//64 1911//64
f 1911//64 1877//64 1879//64
f 1911//178 1879//178 1916//178
f 1916//77 1879//77 1894//77
f 1916//190 1894//190 1917//190
f 1917//78 1894//78 1892//78
f 1851//21 1867//21 1849//21
f 1849//19 1867//19 1868//19
f 1849//21 1868//21 1915//21
f 1915//19 1868//19 1875//19
f 1915//19 1875//19 1923//19
f 1923//19 1875//19 1924//19
f 1923//19 1924//19 1851//19
f 1851//19 1924//19 1867//19
f 1925//49 1926//49 1924//49
f 1924//49 1926//49 1927//49
f 1924//49 1927//49 1870//49
f 1927//49 1928//49 1870//49
f 1870//49 1928//49 1929//49
f 1870//49 1929//49 1872//49
f 1872//49 1929//49 1930//49
f 1872//49 1930//49 1931//49
f 1875//49 1932//49 1924//49
f 1924//50 1932//50 1933//50
f 1924//49 1933//49 1925//49
f 1931//49 1934//49 1872//49
f 1872//49 1934//49 1935//49
f 1872//49 1935//49 1875//49
f 1875//50 1935//50 1936//50
f 1875//49 1936//49 1932//49
f 1937//61 1930//61 1938//61
f 1938//61 1930//61 1929//61
f 1938//45 1929//45 1939//45
f 1939//191 1929//191 1928//191
f 1939//192 1928//192 1940//192
f 1940//63 1928//63 1927//63
f 1940//30 1927//30 1941//30
f 1941//52 1927//52 1926//52
f 1941//193 1926//193 1942//193
f 1942//31 1926//31 1925//31
f 1942//54 1925//54 1943//54
f 1943//54 1925//54 1933//54
f 1943//33 1933//33 1944//33
f 1944//33 1933//33 1932//33
f 1944//35 1932//35 1945//35
f 1945//36 1932//36 1936//36
f 1945//194 1936//194 1946//194
f 1946//195 1936//195 1935//195
f 1946//166 1935//166 1947//166
f 1947//196 1935//196 1934//196
f 1947//59 1934//59 1948//59
f 1948//197 1934//197 1931//197
f 1948//43 1931//43 1937//43
f 1937//168 1931//168 1930//168
f 1944//28 1915//28 1943//28
f 1943//28 1915//28 1923//28
f 1943//28 1923//28 1942//28
f 1938//28 1869//28 1937//28
f 1937//28 1869//28 1871//28
f 1937//28 1871//28 1948//28
f 1938//28 1939//28 1869//28
f 1869//28 1939//28 1940//28
f 1869//28 1940//28 1923//28
f 1923//28 1940//28 1941//28
f 1923//29 1941//29 1942//29
f 1944//29 1945//29 1915//29
f 1915//29 1945//29 1946//29
f 1915//28 1946//28 1871//28
f 1871//28 1946//28 1947//28
f 1871//28 1947//28 1948//28
f 1949//198 1950//198 1951//198
f 1951//24 1952//24 1949//24
f 1949//24 1952//24 1953//24
f 1949//107 1953//107 1954//107
f 1954//107 1953//107 1955//107
f 1956//107 1856//107 1957//107
f 1957//24 1856//24 1869//24
f 1957//108 1869//108 1958//108
f 1958//24 1869//24 1959//24
f 1960//199 1923//199 1961//199
f 1961//24 1923//24 1851//24
f 1961//22 1851//22 1962//22
f 1955//24 1963//24 1954//24
f 1954//108 1963//108 1959//108
f 1954//24 1959//24 1964//24
f 1964//200 1959//200 1869//200
f 1964//201 1869//201 1965//201
f 1965//24 1869//24 1923//24
f 1965//24 1923//24 1966//24
f 1966//23 1923//23 1960//23
f 1956//24 1967//24 1856//24
f 1856//24 1967//24 1968//24
f 1856//108 1968//108 1950//108
f 1949//24 1969//24 1950//24
f 1950//24 1969//24 1970//24
f 1950//202 1970//202 1856//202
f 1856//108 1970//108 1971//108
f 1856//24 1971//24 1851//24
f 1851//170 1971//170 1972//170
f 1851//24 1972//24 1962//24
f 1973//171 1961//171 1974//171
f 1974//185 1961//185 1962//185
f 1974//172 1962//172 1975//172
f 1975//172 1962//172 1972//172
f 1975//203 1972//203 1976//203
f 1976//173 1972//173 1971//173
f 1976//174 1971//174 1977//174
f 1977//175 1971//175 1970//175
f 1977//79 1970//79 1978//79
f 1978//187 1970//187 1969//187
f 1978//176 1969//176 1979//176
f 1979//176 1969//176 1949//176
f 1979//82 1949//82 1980//82
f 1980//81 1949//81 1954//81
f 1980//83 1954//83 1981//83
f 1981//177 1954//177 1964//177
f 1981//80 1964//80 1982//80
f 1982//80 1964//80 1965//80
f 1982//65 1965//65 1983//65
f 1983//204 1965//204 1966//204
f 1983//205 1966//205 1984//205
f 1984//77 1966//77 1960//77
f 1984//78 1960//78 1973//78
f 1973//78 1960//78 1961//78
f 1973//206 1974//206 1867//206
f 1985//51 1986//51 1976//51
f 1985//51 1976//51 1987//51
f 1986//51 1988//51 1976//51
f 1976//51 1988//51 1867//51
f 1976//180 1867//180 1975//180
f 1975//51 1867//51 1974//51
f 1973//207 1867//207 1984//207
f 1984//51 1867//51 1924//51
f 1984//180 1924//180 1983//180
f 1989//51 1990//51 1870//51
f 1988//51 1991//51 1867//51
f 1867//51 1991//51 1992//51
f 1867//51 1992//51 1865//51
f 1987//208 1976//208 1993//208
f 1993//208 1976//208 1977//208
f 1993//51 1977//51 1978//51
f 1992//181 1994//181 1865//181
f 1865//51 1994//51 1995//51
f 1865//51 1995//51 1870//51
f 1870//51 1995//51 1996//51
f 1870//51 1996//51 1989//51
f 1978//51 1979//51 1993//51
f 1993//181 1979//181 1980//181
f 1993//105 1980//105 1981//105
f 1990//51 1993//51 1870//51
f 1870//105 1993//105 1981//105
f 1870//51 1981//51 1924//51
f 1924//180 1981//180 1982//180
f 1924//181 1982//181 1983//181
f 1986//171 1953//171 1988//171
f 1988//171 1953//171 1952//171
f 1988//172 1952//172 1991//172
f 1991//209 1952//209 1951//209
f 1991//173 1951//173 1992//173
f 1992//173 1951//173 1950//173
f 1992//175 1950//175 1994//175
f 1994//174 1950//174 1968//174
f 1994//79 1968//79 1995//79
f 1995//79 1968//79 1967//79
f 1995//176 1967//176 1996//176
f 1996//176 1967//176 1956//176
f 1996//210 1956//210 1989//210
f 1989//81 1956//81 1957//81
f 1989//177 1957//177 1990//177
f 1990//83 1957//83 1958//83
f 1990//80 1958//80 1993//80
f 1993//80 1958//80 1959//80
f 1993//65 1959//65 1987//65
f 1987//66 1959//66 1963//66
f 1987//211 1963//211 1985//211
f 1985//178 1963//178 1955//178
f 1985//78 1955//78 1986//78
f 1986//78 1955//78 1953//78
f 1997//174 1998//174 1999//174
f 1999//174 1998//174 2000//174
f 1999//212 2000//212 2001//212
f 2001//187 2000//187 2002//187
f 2001//188 2002//188 2003//188
f 2003//176 2002//176 2004//176
f 2003//82 2004//82 2005//82
f 2005//81 2004//81 2006//81
f 2005//83 2006//83 2007//83
f 2007//213 2006//213 2008//213
f 2007//80 2008//80 2009//80
f 2009//80 2008//80 2010//80
f 2009//65 2010//65 2011//65
f 2011//65 2010//65 2012//65
f 2011//178 2012//178 2013//178
f 2013//77 2012//77 2014//77
f 2013//78 2014//78 2015//78
f 2015//78 2014//78 2016//78
f 2015//185 2016//185 2017//185
f 2017//171 2016//171 2018//171
f 2017//172 2018//172 2019//172
f 2019//172 2018//172 2020//172
f 2019//173 2020//173 1997//173
f 1997//173 2020//173 1998//173
f 2021//214 2022//214 2023//214
f 2023//215 2022//215 2024//215
f 2023//24 2024//24 2025//24
f 2025//216 2024//216 2026//216
f 2027//24 2028//24 2029//24
f 2029//24 2028//24 2025//24
f 2029//23 2025//23 2030//23
f 2030//23 2025//23 2026//23
f 2008//22 2006//22 2023//22
f 2023//217 2006//217 2004//217
f 2023//24 2004//24 2021//24
f 2027//23 2031//23 2028//23
f 2028//23 2031//23 2032//23
f 2028//23 2032//23 2033//23
f 2033//23 2032//23 2034//23
f 2033//22 2034//22 2035//22
f 2004//22 2002//22 2021//22
f 2021//214 2002//214 2000//214
f 2021//24 2000//24 2036//24
f 2036//24 2000//24 1998//24
f 2036//23 1998//23 2035//23
f 2035//22 1998//22 2020//22
f 2008//214 2023//214 2010//214
f 2010//24 2023//24 2033//24
f 2010//24 2033//24 2012//24
f 2020//24 2018//24 2035//24
f 2035//218 2018//218 2016//218
f 2035//24 2016//24 2033//24
f 2033//23 2016//23 2014//23
f 2033//24 2014//24 2012//24
f 2037//219 2029//219 2038//219
f 2038//174 2029//174 2030//174
f 2038//187 2030//187 2039//187
f 2039//79 2030//79 2026//79
f 2039//176 2026//176 2040//176
f 2040//176 2026//176 2024//176
f 2040//81 2024//81 2041//81
f 2041//81 2024//81 2022//81
f 2041//83 2022//83 2042//83
f 2042//83 2022//83 2021//83
f 2042//80 2021//80 2043//80
f 2043//80 2021//80 2036//80
f 2043//64 2036//64 2044//64
f 2044//65 2036//65 2035//65
f 2044//178 2035//178 2045//178
f 2045//77 2035//77 2034//77
f 2045//190 2034//190 2046//190
f 2046//78 2034//78 2032//78
f 2046//171 2032//171 2047//171
f 2047//185 2032//185 2031//185
f 2047//172 2031//172 2048//172
f 2048//220 2031//220 2027//220
f 2048//173 2027//173 2037//173
f 2037//173 2027//173 2029//173
f 2042//51 2015//51 2041//51
f 2041//221 2015//221 2017//221
f 2041//222 2017//222 2040//222
f 2040//180 2017//180 2019//180
f 2005//180 2007//180 2049//180
f 2049//206 2007//206 2009//206
f 2049//51 2009//51 2050//51
f 2009//51 2011//51 2050//51
f 2050//51 2011//51 2013//51
f 2050//51 2013//51 2015//51
f 2050//51 2046//51 2051//51
f 2051//223 2046//223 2047//223
f 2051//51 2047//51 2052//51
f 2052//206 2047//206 2048//206
f 2052//180 2048//180 2037//180
f 2042//223 2043//223 2015//223
f 2015//51 2043//51 2044//51
f 2015//51 2044//51 2050//51
f 2050//180 2044//180 2045//180
f 2050//223 2045//223 2046//223
f 2037//180 2038//180 2052//180
f 2052//206 2038//206 2039//206
f 2052//180 2039//180 2040//180
f 2019//206 1997//206 2040//206
f 2040//223 1997//223 1999//223
f 2040//180 1999//180 2052//180
f 2052//51 1999//51 2001//51
f 2052//51 2001//51 2049//51
f 2049//51 2001//51 2003//51
f 2049//180 2003//180 2005//180
f 2025//28 2052//28 2053//28
f 2053//28 2052//28 2054//28
f 2053//28 2054//28 2055//28
f 2055//28 2054//28 2056//28
f 2055//28 2056//28 2028//28
f 2028//29 2056//29 2051//29
f 2028//28 2051//28 2025//28
f 2025//28 2051//28 2052//28
f 2057//26 2058//26 2054//26
f 2054//25 2058//25 2059//25
f 2054//26 2059//26 2060//26
f 2061//169 2054//169 2062//169
f 2062//25 2054//25 2063//25
f 2064//25 2065//25 2066//25
f 2057//25 2054//25 2067//25
f 2067//26 2054//26 2052//26
f 2067//25 2052//25 2068//25
f 2064//25 2066//25 2049//25
f 2063//25 2054//25 2069//25
f 2069//25 2054//25 2060//25
f 2069//25 2060//25 2070//25
f 2070//25 2060//25 2071//25
f 2070//25 2071//25 2072//25
f 2061//25 2073//25 2054//25
f 2054//25 2073//25 2074//25
f 2054//25 2074//25 2064//25
f 2064//25 2074//25 2075//25
f 2064//26 2075//26 2065//26
f 2066//25 2076//25 2049//25
f 2049//25 2076//25 2077//25
f 2049//25 2077//25 2070//25
f 2072//25 2078//25 2070//25
f 2070//25 2078//25 2079//25
f 2070//25 2079//25 2049//25
f 2049//25 2079//25 2080//25
f 2049//25 2080//25 2052//25
f 2052//26 2080//26 2081//26
f 2052//26 2081//26 2068//26
f 2078//5 2082//5 2079//5
f 2079//224 2082//224 2083//224
f 2079//225 2083//225 2080//225
f 2080//226 2083//226 2084//226
f 2080//1 2084//1 2081//1
f 2081//227 2084//227 2085//227
f 2081//18 2085//18 2068//18
f 2068//17 2085//17 2086//17
f 2068//228 2086//228 2067//228
f 2067//229 2086//229 2087//229
f 2067//230 2087//230 2057//230
f 2057//14 2087//14 2088//14
f 2057//13 2088//13 2058//13
f 2058//13 2088//13 2089//13
f 2058//231 2089//231 2059//231
f 2059//12 2089//12 2090//12
f 2059//232 2090//232 2060//232
f 2060//11 2090//11 2091//11
f 2060//233 2091//233 2071//233
f 2071//234 2091//234 2092//234
f 2071//7 2092//7 2072//7
f 2072//235 2092//235 2093//235
f 2072//236 2093//236 2078//236
f 2078//236 2093//236 2082//236
f 2087//19 2025//19 2088//19
f 2088//21 2025//21 2053//21
f 2088//19 2053//19 2089//19
f 2087//21 2086//21 2025//21
f 2025//19 2086//19 2085//19
f 2025//19 2085//19 2023//19
f 2023//19 2085//19 2084//19
f 2023//19 2084//19 2083//19
f 2023//19 2094//19 2095//19
f 2095//21 2094//21 2096//21
f 2095//19 2096//19 2097//19
f 2093//19 2098//19 2082//19
f 2082//237 2098//237 2099//237
f 2082//19 2099//19 2083//19
f 2083//19 2099//19 2100//19
f 2093//237 2092//237 2098//237
f 2098//19 2092//19 2091//19
f 2098//19 2091//19 2053//19
f 2053//21 2091//21 2090//21
f 2053//21 2090//21 2089//21
f 2097//21 2101//21 2095//21
f 2095//19 2101//19 2102//19
f 2095//19 2102//19 2053//19
f 2053//237 2102//237 2103//237
f 2053//19 2103//19 2098//19
f 2100//237 2104//237 2083//237
f 2083//19 2104//19 2105//19
f 2083//19 2105//19 2023//19
f 2023//19 2105//19 2106//19
f 2023//21 2106//21 2094//21
f 2107//175 2108//175 2109//175
f 2109//174 2108//174 2110//174
f 2109//79 2110//79 2111//79
f 2111//79 2110//79 2112//79
f 2111//176 2112//176 2113//176
f 2113//176 2112//176 2114//176
f 2113//81 2114//81 2115//81
f 2115//82 2114//82 2116//82
f 2115//238 2116//238 2117//238
f 2117//83 2116//83 2118//83
f 2117//80 2118//80 2119//80
f 2119//80 2118//80 2120//80
f 2119//66 2120//66 2121//66
f 2121//65 2120//65 2122//65
f 2121//77 2122//77 2123//77
f 2123//178 2122//178 2124//178
f 2123//78 2124//78 2125//78
f 2125//78 2124//78 2126//78
f 2125//171 2126//171 2127//171
f 2127//171 2126//171 2128//171
f 2127//172 2128//172 2129//172
f 2129//209 2128//209 2130//209
f 2129//173 2130//173 2107//173
f 2107//203 2130//203 2108//203
f 2113//180 2095//180 2053//180
f 2131//180 2125//180 2132//180
f 2132//239 2125//239 2127//239
f 2132//222 2127//222 2133//222
f 2133//206 2127//206 2129//206
f 2134//180 2135//180 2055//180
f 2055//180 2135//180 2136//180
f 2055//51 2136//51 2053//51
f 2053//180 2136//180 2137//180
f 2053//222 2137//222 2138//222
f 2119//180 2134//180 2117//180
f 2117//51 2134//51 2095//51
f 2117//206 2095//206 2115//206
f 2115//51 2095//51 2113//51
f 2138//180 2139//180 2053//180
f 2053//180 2139//180 2140//180
f 2053//223 2140//223 2133//223
f 2129//180 2107//180 2133//180
f 2133//180 2107//180 2109//180
f 2133//51 2109//51 2053//51
f 2053//206 2109//206 2111//206
f 2053//180 2111//180 2113//180
f 2119//206 2121//206 2134//206
f 2134//51 2121//51 2123//51
f 2134//207 2123//207 2125//207
f 2131//206 2141//206 2125//206
f 2125//180 2141//180 2142//180
f 2125//51 2142//51 2134//51
f 2134//51 2142//51 2143//51
f 2134//240 2143//240 2135//240
f 2138//175 2144//175 2139//175
f 2139//175 2144//175 2145//175
f 2139//79 2145//79 2140//79
f 2140//79 2145//79 2146//79
f 2140//176 2146//176 2133//176
f 2133//176 2146//176 2147//176
f 2133//81 2147//81 2132//81
f 2132//81 2147//81 2148//81
f 2132//238 2148//238 2131//238
f 2131//213 2148//213 2149//213
f 2131//80 2149//80 2141//80
f 2141//80 2149//80 2150//80
f 2141//65 2150//65 2142//65
f 2142//65 2150//65 2151//65
f 2142//77 2151//77 2143//77
f 2143//205 2151//205 2152//205
f 2143//78 2152//78 2135//78
f 2135//241 2152//241 2153//241
f 2135//242 2153//242 2136//242
f 2136//171 2153//171 2154//171
f 2136//172 2154//172 2137//172
f 2137//172 2154//172 2155//172
f 2137//173 2155//173 2138//173
f 2138//173 2155//173 2144//173
f 2156//22 2126//22 2124//22
f 2152//24 2156//24 2153//24
f 2153//24 2156//24 2056//24
f 2153//23 2056//23 2154//23
f 2124//23 2122//23 2156//23
f 2156//24 2122//24 2120//24
f 2156//24 2120//24 2064//24
f 2064//24 2120//24 2118//24
f 2064//24 2118//24 2116//24
f 2146//24 2054//24 2147//24
f 2147//24 2054//24 2064//24
f 2147//243 2064//243 2148//243
f 2146//22 2145//22 2054//22
f 2054//24 2145//24 2144//24
f 2054//24 2144//24 2056//24
f 2056//22 2144//22 2155//22
f 2056//23 2155//23 2154//23
f 2116//24 2114//24 2064//24
f 2064//217 2114//217 2112//217
f 2064//24 2112//24 2148//24
f 2148//24 2112//24 2110//24
f 2126//218 2156//218 2128//218
f 2128//23 2156//23 2152//23
f 2128//22 2152//22 2130//22
f 2130//214 2152//214 2151//214
f 2130//23 2151//23 2108//23
f 2108//22 2151//22 2150//22
f 2108//24 2150//24 2110//24
f 2110//24 2150//24 2149//24
f 2110//214 2149//214 2148//214
f 2134//49 2156//49 2095//49
f 2095//49 2156//49 2064//49
f 2095//49 2064//49 2023//49
f 2023//49 2064//49 2049//49
f 2023//49 2049//49 2033//49
f 2033//49 2049//49 2050//49
f 2033//49 2050//49 2134//49
f 2134//50 2050//50 2156//50
f 2157//19 2158//19 2159//19
f 2160//21 2161//21 2056//21
f 2056//19 2161//19 2162//19
f 2056//19 2162//19 2051//19
f 2051//21 2162//21 2163//21
f 2051//19 2163//19 2164//19
f 2159//19 2158//19 2165//19
f 2165//19 2158//19 2166//19
f 2165//19 2166//19 2167//19
f 2164//21 2168//21 2051//21
f 2051//237 2168//237 2169//237
f 2051//19 2169//19 2050//19
f 2050//237 2169//237 2165//237
f 2050//19 2165//19 2170//19
f 2170//19 2165//19 2167//19
f 2170//19 2171//19 2050//19
f 2050//19 2171//19 2172//19
f 2050//19 2172//19 2156//19
f 2156//19 2172//19 2173//19
f 2156//21 2173//21 2174//21
f 2174//19 2175//19 2156//19
f 2156//21 2175//21 2176//21
f 2156//19 2176//19 2056//19
f 2056//244 2176//244 2177//244
f 2056//19 2177//19 2157//19
f 2159//19 2178//19 2157//19
f 2157//19 2178//19 2179//19
f 2157//19 2179//19 2056//19
f 2056//244 2179//244 2180//244
f 2056//245 2180//245 2160//245
f 2181//5 2159//5 2182//5
f 2182//246 2159//246 2165//246
f 2182//225 2165//225 2183//225
f 2183//225 2165//225 2169//225
f 2183//1 2169//1 2184//1
f 2184//227 2169//227 2168//227
f 2184//247 2168//247 2185//247
f 2185//247 2168//247 2164//247
f 2185//15 2164//15 2186//15
f 2186//15 2164//15 2163//15
f 2186//14 2163//14 2187//14
f 2187//14 2163//14 2162//14
f 2187//13 2162//13 2188//13
f 2188//248 2162//248 2161//248
f 2188//12 2161//12 2189//12
f 2189//231 2161//231 2160//231
f 2189//11 2160//11 2190//11
f 2190//11 2160//11 2180//11
f 2190//249 2180//249 2191//249
f 2191//233 2180//233 2179//233
f 2191//8 2179//8 2192//8
f 2192//250 2179//250 2178//250
f 2192//6 2178//6 2181//6
f 2181//6 2178//6 2159//6
f 2184//25 2185//25 2028//25
f 2028//26 2185//26 2186//26
f 2028//25 2186//25 2055//25
f 2055//25 2186//25 2187//25
f 2055//25 2187//25 2188//25
f 2193//26 2194//26 2033//26
f 2033//25 2194//25 2195//25
f 2033//25 2195//25 2028//25
f 2028//25 2195//25 2196//25
f 2028//25 2196//25 2184//25
f 2197//25 2192//25 2198//25
f 2198//25 2192//25 2181//25
f 2198//25 2181//25 2199//25
f 2199//25 2181//25 2182//25
f 2199//25 2182//25 2196//25
f 2196//25 2182//25 2183//25
f 2196//169 2183//169 2184//169
f 2193//25 2033//25 2200//25
f 2200//25 2033//25 2134//25
f 2200//25 2134//25 2201//25
f 2197//169 2202//169 2055//169
f 2055//169 2202//169 2203//169
f 2055//25 2203//25 2134//25
f 2134//169 2203//169 2204//169
f 2134//26 2204//26 2201//26
f 2188//25 2189//25 2055//25
f 2055//26 2189//26 2190//26
f 2055//25 2190//25 2197//25
f 2197//169 2190//169 2191//169
f 2197//25 2191//25 2192//25
f 2200//5 2173//5 2193//5
f 2193//5 2173//5 2172//5
f 2193//226 2172//226 2194//226
f 2194//226 2172//226 2171//226
f 2194//227 2171//227 2195//227
f 2195//1 2171//1 2170//1
f 2195//17 2170//17 2196//17
f 2196//251 2170//251 2167//251
f 2196//229 2167//229 2199//229
f 2199//15 2167//15 2166//15
f 2199//14 2166//14 2198//14
f 2198//14 2166//14 2158//14
f 2198//13 2158//13 2197//13
f 2197//13 2158//13 2157//13
f 2197//252 2157//252 2202//252
f 2202//12 2157//12 2177//12
f 2202//232 2177//232 2203//232
f 2203//253 2177//253 2176//253
f 2203//254 2176//254 2204//254
f 2204//249 2176//249 2175//249
f 2204//7 2175//7 2201//7
f 2201//255 2175//255 2174//255
f 2201//6 2174//6 2200//6
f 2200//6 2174//6 2173//6
f 2205//5 2206//5 2207//5
f 2207//5 2206//5 2208//5
f 2207//4 2208//4 2209//4
f 2209//226 2208//226 2210//226
f 2209//227 2210//227 2211//227
f 2211//227 2210//227 2212//227
f 2211//251 2212//251 2213//251
f 2213//17 2212//17 2214//17
f 2213//256 2214//256 2215//256
f 2215//257 2214//257 2216//257
f 2215//230 2216//230 2217//230
f 2217//14 2216//14 2218//14
f 2217//13 2218//13 2219//13
f 2219//13 2218//13 2220//13
f 2219//12 2220//12 2221//12
f 2221//12 2220//12 2222//12
f 2221//11 2222//11 2223//11
f 2223//11 2222//11 2224//11
f 2223//254 2224//254 2225//254
f 2225//254 2224//254 2226//254
f 2225//255 2226//255 2227//255
f 2227//250 2226//250 2228//250
f 2227//6 2228//6 2205//6
f 2205//6 2228//6 2206//6
f 2213//25 2215//25 2229//25
f 2230//26 2231//26 2232//26
f 2232//25 2231//25 2229//25
f 2213//25 2229//25 2211//25
f 2211//25 2229//25 2233//25
f 2211//25 2233//25 2234//25
f 2235//25 2236//25 2232//25
f 2232//258 2236//258 2237//258
f 2232//25 2237//25 2230//25
f 2232//25 2223//25 2238//25
f 2238//25 2223//25 2225//25
f 2239//25 2240//25 2235//25
f 2235//169 2240//169 2241//169
f 2235//26 2241//26 2236//26
f 2215//25 2217//25 2229//25
f 2229//25 2217//25 2219//25
f 2229//25 2219//25 2232//25
f 2232//25 2219//25 2221//25
f 2232//25 2221//25 2223//25
f 2225//25 2227//25 2238//25
f 2238//25 2227//25 2205//25
f 2238//25 2205//25 2239//25
f 2205//25 2207//25 2239//25
f 2239//25 2207//25 2209//25
f 2239//258 2209//258 2211//258
f 2234//25 2242//25 2211//25
f 2211//25 2242//25 2243//25
f 2211//25 2243//25 2239//25
f 2239//169 2243//169 2244//169
f 2239//169 2244//169 2240//169
f 2242//5 2245//5 2243//5
f 2243//5 2245//5 2246//5
f 2243//226 2246//226 2244//226
f 2244//225 2246//225 2247//225
f 2244//227 2247//227 2240//227
f 2240//1 2247//1 2248//1
f 2240//17 2248//17 2241//17
f 2241//17 2248//17 2249//17
f 2241//15 2249//15 2236//15
f 2236//15 2249//15 2250//15
f 2236//14 2250//14 2237//14
f 2237//14 2250//14 2251//14
f 2237//248 2251//248 2230//248
f 2230//13 2251//13 2252//13
f 2230//12 2252//12 2231//12
f 2231//252 2252//252 2253//252
f 2231//232 2253//232 2229//232
f 2229//232 2253//232 2254//232
f 2229//259 2254//259 2233//259
f 2233//260 2254//260 2255//260
f 2233//235 2255//235 2234//235
f 2234//8 2255//8 2256//8
f 2234//6 2256//6 2242//6
f 2242//6 2256//6 2245//6
f 2246//19 2216//19 2214//19
f 2216//19 2246//19 2218//19
f 2218//19 2246//19 2245//19
f 2218//19 2245//19 2220//19
f 2249//19 2248//19 2257//19
f 2257//261 2248//261 2247//261
f 2257//19 2247//19 2258//19
f 2258//19 2247//19 2246//19
f 2258//19 2246//19 2212//19
f 2212//19 2246//19 2214//19
f 2212//19 2210//19 2258//19
f 2258//19 2210//19 2208//19
f 2258//19 2208//19 2259//19
f 2259//19 2208//19 2206//19
f 2259//21 2206//21 2228//21
f 2245//19 2256//19 2220//19
f 2220//19 2256//19 2255//19
f 2220//19 2255//19 2260//19
f 2260//19 2255//19 2254//19
f 2260//19 2254//19 2253//19
f 2253//19 2252//19 2260//19
f 2260//19 2252//19 2251//19
f 2260//19 2251//19 2257//19
f 2257//21 2251//21 2250//21
f 2257//19 2250//19 2249//19
f 2228//21 2226//21 2259//21
f 2259//19 2226//19 2224//19
f 2259//19 2224//19 2260//19
f 2260//237 2224//237 2222//237
f 2260//19 2222//19 2220//19
f 2239//49 2258//49 2238//49
f 2238//49 2258//49 2259//49
f 2238//49 2259//49 2261//49
f 2261//49 2259//49 2262//49
f 2261//50 2262//50 2263//50
f 2263//49 2262//49 2264//49
f 2263//49 2264//49 2239//49
f 2239//49 2264//49 2258//49
f 2265//216 2266//216 2260//216
f 2267//214 2268//214 2262//214
f 2262//24 2268//24 2269//24
f 2262//24 2269//24 2270//24
f 2270//24 2269//24 2271//24
f 2271//23 2272//23 2270//23
f 2270//23 2272//23 2273//23
f 2270//24 2273//24 2260//24
f 2260//23 2273//23 2274//23
f 2260//22 2274//22 2265//22
f 2275//23 2276//23 2259//23
f 2259//262 2276//262 2277//262
f 2259//24 2277//24 2262//24
f 2262//24 2277//24 2278//24
f 2262//24 2278//24 2279//24
f 2266//24 2280//24 2260//24
f 2260//214 2280//214 2281//214
f 2260//24 2281//24 2259//24
f 2259//214 2281//214 2282//214
f 2259//24 2282//24 2275//24
f 2279//217 2283//217 2262//217
f 2262//263 2283//263 2284//263
f 2262//24 2284//24 2267//24
f 2267//23 2284//23 2285//23
f 2267//24 2285//24 2286//24
f 2286//24 2285//24 2287//24
f 2286//23 2287//23 2288//23
f 2288//24 2287//24 2280//24
f 2288//23 2280//23 2289//23
f 2289//218 2280//218 2266//218
f 2290//174 2273//174 2291//174
f 2291//174 2273//174 2272//174
f 2291//212 2272//212 2292//212
f 2292//187 2272//187 2271//187
f 2292//176 2271//176 2293//176
f 2293//176 2271//176 2269//176
f 2293//82 2269//82 2294//82
f 2294//81 2269//81 2268//81
f 2294//83 2268//83 2295//83
f 2295//238 2268//238 2267//238
f 2295//80 2267//80 2296//80
f 2296//84 2267//84 2286//84
f 2296//65 2286//65 2297//65
f 2297//66 2286//66 2288//66
f 2297//178 2288//178 2298//178
f 2298//77 2288//77 2289//77
f 2298//190 2289//190 2299//190
f 2299//190 2289//190 2266//190
f 2299//185 2266//185 2300//185
f 2300//185 2266//185 2265//185
f 2300//172 2265//172 2301//172
f 2301//172 2265//172 2274//172
f 2301//173 2274//173 2290//173
f 2290//173 2274//173 2273//173
f 2299//51 2232//51 2238//51
f 2302//51 2261//51 2303//51
f 2290//51 2303//51 2301//51
f 2301//51 2303//51 2232//51
f 2301//180 2232//180 2300//180
f 2300//206 2232//206 2299//206
f 2295//51 2304//51 2294//51
f 2294//240 2304//240 2305//240
f 2294//264 2305//264 2293//264
f 2293//180 2305//180 2306//180
f 2302//265 2307//265 2261//265
f 2261//51 2307//51 2308//51
f 2261//51 2308//51 2238//51
f 2238//206 2308//206 2309//206
f 2290//51 2291//51 2303//51
f 2303//51 2291//51 2292//51
f 2303//180 2292//180 2293//180
f 2306//266 2310//266 2293//266
f 2293//180 2310//180 2311//180
f 2293//180 2311//180 2303//180
f 2303//180 2311//180 2312//180
f 2303//266 2312//266 2302//266
f 2309//223 2313//223 2238//223
f 2238//51 2313//51 2314//51
f 2238//222 2314//222 2304//222
f 2295//180 2296//180 2304//180
f 2304//180 2296//180 2297//180
f 2304//51 2297//51 2238//51
f 2238//180 2297//180 2298//180
f 2238//51 2298//51 2299//51
f 2310//174 2287//174 2311//174
f 2311//175 2287//175 2285//175
f 2311//187 2285//187 2312//187
f 2312//79 2285//79 2284//79
f 2312//188 2284//188 2302//188
f 2302//176 2284//176 2283//176
f 2302//81 2283//81 2307//81
f 2307//81 2283//81 2279//81
f 2307//83 2279//83 2308//83
f 2308//83 2279//83 2278//83
f 2308//80 2278//80 2309//80
f 2309//80 2278//80 2277//80
f 2309//65 2277//65 2313//65
f 2313//65 2277//65 2276//65
f 2313//77 2276//77 2314//77
f 2314//205 2276//205 2275//205
f 2314//78 2275//78 2304//78
f 2304//78 2275//78 2282//78
f 2304//171 2282//171 2305//171
f 2305//185 2282//185 2281//185
f 2305//172 2281//172 2306//172
f 2306//172 2281//172 2280//172
f 2306//173 2280//173 2310//173
f 2310//173 2280//173 2287//173
f 2315//19 2316//19 2317//19
f 2317//19 2316//19 2263//19
f 2318//19 2319//19 2261//19
f 2261//237 2319//237 2320//237
f 2261//19 2320//19 2303//19
f 2303//237 2320//237 2321//237
f 2303//19 2321//19 2322//19
f 2323//19 2322//19 2324//19
f 2324//19 2322//19 2325//19
f 2324//19 2325//19 2326//19
f 2326//19 2325//19 2327//19
f 2326//19 2327//19 2328//19
f 2316//237 2329//237 2263//237
f 2263//19 2329//19 2326//19
f 2263//19 2326//19 2330//19
f 2330//19 2326//19 2328//19
f 2330//245 2331//245 2263//245
f 2263//19 2331//19 2332//19
f 2263//19 2332//19 2261//19
f 2261//19 2332//19 2333//19
f 2261//21 2333//21 2318//21
f 2323//19 2334//19 2322//19
f 2322//19 2334//19 2335//19
f 2322//19 2335//19 2303//19
f 2303//19 2335//19 2336//19
f 2336//21 2337//21 2303//21
f 2303//21 2337//21 2338//21
f 2303//19 2338//19 2317//19
f 2317//21 2338//21 2339//21
f 2317//19 2339//19 2315//19
f 2340//224 2324//224 2341//224
f 2341//5 2324//5 2326//5
f 2341//225 2326//225 2342//225
f 2342//225 2326//225 2329//225
f 2342//1 2329//1 2343//1
f 2343//1 2329//1 2316//1
f 2343//267 2316//267 2344//267
f 2344//17 2316//17 2315//17
f 2344//268 2315//268 2345//268
f 2345//257 2315//257 2339//257
f 2345//14 2339//14 2346//14
f 2346//14 2339//14 2338//14
f 2346//13 2338//13 2347//13
f 2347//13 2338//13 2337//13
f 2347//12 2337//12 2348//12
f 2348//269 2337//269 2336//269
f 2348//232 2336//232 2349//232
f 2349//232 2336//232 2335//232
f 2349//254 2335//254 2350//254
f 2350//254 2335//254 2334//254
f 2350//8 2334//8 2351//8
f 2351//7 2334//7 2323//7
f 2351//6 2323//6 2340//6
f 2340//6 2323//6 2324//6
f 2346//25 2347//25 2270//25
f 2270//25 2347//25 2348//25
f 2270//25 2348//25 2349//25
f 2352//25 2270//25 2353//25
f 2353//169 2270//169 2354//169
f 2354//25 2270//25 2355//25
f 2355//25 2270//25 2349//25
f 2355//25 2349//25 2356//25
f 2356//25 2349//25 2350//25
f 2356//25 2350//25 2351//25
f 2346//25 2270//25 2345//25
f 2345//25 2270//25 2357//25
f 2345//25 2357//25 2344//25
f 2352//25 2358//25 2270//25
f 2270//25 2358//25 2359//25
f 2270//25 2359//25 2262//25
f 2262//26 2359//26 2360//26
f 2360//169 2361//169 2262//169
f 2262//26 2361//26 2362//26
f 2262//25 2362//25 2264//25
f 2362//25 2363//25 2264//25
f 2264//25 2363//25 2364//25
f 2264//258 2364//258 2356//258
f 2351//25 2340//25 2356//25
f 2356//25 2340//25 2341//25
f 2356//25 2341//25 2264//25
f 2264//169 2341//169 2342//169
f 2264//25 2342//25 2357//25
f 2357//25 2342//25 2343//25
f 2357//26 2343//26 2344//26
f 2362//5 2333//5 2363//5
f 2363//5 2333//5 2332//5
f 2363//226 2332//226 2364//226
f 2364//270 2332//270 2331//270
f 2364//227 2331//227 2356//227
f 2356//1 2331//1 2330//1
f 2356//17 2330//17 2355//17
f 2355//18 2330//18 2328//18
f 2355//268 2328//268 2354//268
f 2354//15 2328//15 2327//15
f 2354//14 2327//14 2353//14
f 2353//230 2327//230 2325//230
f 2353//13 2325//13 2352//13
f 2352//271 2325//271 2322//271
f 2352//12 2322//12 2358//12
f 2358//12 2322//12 2321//12
f 2358//11 2321//11 2359//11
f 2359//11 2321//11 2320//11
f 2359//249 2320//249 2360//249
f 2360//9 2320//9 2319//9
f 2360//7 2319//7 2361//7
f 2361//255 2319//255 2318//255
f 2361//236 2318//236 2362//236
f 2362//6 2318//6 2333//6
f 2303//28 2270//28 2232//28
f 2232//28 2270//28 2260//28
f 2232//28 2260//28 2235//28
f 2235//29 2260//29 2257//29
f 2235//28 2257//28 2317//28
f 2317//28 2257//28 2357//28
f 2317//29 2357//29 2303//29
f 2303//28 2357//28 2270//28
f 2365//51 2366//51 2367//51
f 2257//51 2368//51 2357//51
f 2357//51 2368//51 2369//51
f 2365//222 2370//222 2366//222
f 2366//223 2370//223 2371//223
f 2366//180 2371//180 2372//180
f 2373//206 2374//206 2264//206
f 2264//223 2374//223 2375//223
f 2264//51 2375//51 2258//51
f 2258//51 2375//51 2376//51
f 2258//180 2376//180 2377//180
f 2369//206 2378//206 2357//206
f 2357//180 2378//180 2379//180
f 2357//180 2379//180 2365//180
f 2372//51 2380//51 2366//51
f 2366//51 2380//51 2258//51
f 2366//222 2258//222 2381//222
f 2381//180 2258//180 2377//180
f 2380//223 2382//223 2258//223
f 2258//266 2382//266 2383//266
f 2258//51 2383//51 2257//51
f 2257//206 2383//206 2384//206
f 2257//206 2384//206 2368//206
f 2367//51 2385//51 2365//51
f 2365//223 2385//223 2386//223
f 2365//51 2386//51 2357//51
f 2357//206 2386//206 2387//206
f 2357//180 2387//180 2264//180
f 2264//51 2387//51 2388//51
f 2264//51 2388//51 2373//51
f 2369//175 2389//175 2378//175
f 2378//174 2389//174 2390//174
f 2378//79 2390//79 2379//79
f 2379//79 2390//79 2391//79
f 2379//176 2391//176 2365//176
f 2365//176 2391//176 2392//176
f 2365//82 2392//82 2370//82
f 2370//82 2392//82 2393//82
f 2370//177 2393//177 2371//177
f 2371//83 2393//83 2394//83
f 2371//80 2394//80 2372//80
f 2372//80 2394//80 2395//80
f 2372//204 2395//204 2380//204
f 2380//65 2395//65 2396//65
f 2380//205 2396//205 2382//205
f 2382//77 2396//77 2397//77
f 2382//78 2397//78 2383//78
f 2383//78 2397//78 2398//78
f 2383//171 2398//171 2384//171
f 2384//171 2398//171 2399//171
f 2384//220 2399//220 2368//220
f 2368//209 2399//209 2400//209
f 2368//203 2400//203 2369//203
f 2369//173 2400//173 2389//173
f 2401//22 2402//22 2393//22
f 2391//23 2390//23 2317//23
f 2317//24 2390//24 2389//24
f 2317//24 2389//24 2235//24
f 2235//22 2389//22 2400//22
f 2263//262 2403//262 2404//262
f 2405//23 2406//23 2235//23
f 2235//272 2406//272 2407//272
f 2235//24 2407//24 2239//24
f 2239//22 2407//22 2408//22
f 2408//24 2409//24 2239//24
f 2239//23 2409//23 2410//23
f 2239//24 2410//24 2263//24
f 2263//22 2410//22 2411//22
f 2263//23 2411//23 2403//23
f 2391//243 2317//243 2392//243
f 2392//24 2317//24 2263//24
f 2392//24 2263//24 2393//24
f 2393//23 2263//23 2404//23
f 2393//218 2404//218 2401//218
f 2405//23 2396//23 2412//23
f 2412//22 2396//22 2395//22
f 2412//24 2395//24 2402//24
f 2402//24 2395//24 2394//24
f 2402//23 2394//23 2393//23
f 2400//23 2399//23 2235//23
f 2235//215 2399//215 2398//215
f 2235//23 2398//23 2405//23
f 2405//272 2398//272 2397//272
f 2405//23 2397//23 2396//23
f 2385//175 2412//175 2386//175
f 2386//219 2412//219 2402//219
f 2386//79 2402//79 2387//79
f 2387//79 2402//79 2401//79
f 2387//176 2401//176 2388//176
f 2388//176 2401//176 2404//176
f 2388//81 2404//81 2373//81
f 2373//81 2404//81 2403//81
f 2373//177 2403//177 2374//177
f 2374//83 2403//83 2411//83
f 2374//80 2411//80 2375//80
f 2375//80 2411//80 2410//80
f 2375//65 2410//65 2376//65
f 2376//66 2410//66 2409//66
f 2376//77 2409//77 2377//77
f 2377//77 2409//77 2408//77
f 2377//78 2408//78 2381//78
f 2381//78 2408//78 2407//78
f 2381//171 2407//171 2366//171
f 2366//171 2407//171 2406//171
f 2366//172 2406//172 2367//172
f 2367//172 2406//172 2405//172
f 2367//173 2405//173 2385//173
f 2385//173 2405//173 2412//173
f 2413//51 2414//51 2415//51
f 2415//51 2414//51 2416//51
f 2415//51 2416//51 2417//51
f 2417//51 2416//51 2418//51
f 2417//51 2418//51 2419//51
f 2419//51 2418//51 2420//51
f 2419//51 2420//51 2413//51
f 2413//51 2420//51 2414//51
f 2421//21 2422//21 2423//21
f 2424//19 2415//19 2425//19
f 2425//19 2415//19 2426//19
f 2415//21 2427//21 2428//21
f 2423//19 2422//19 2429//19
f 2426//21 2415//21 2430//21
f 2430//19 2415//19 2428//19
f 2430//21 2428//21 2423//21
f 2423//21 2428//21 2431//21
f 2423//19 2431//19 2421//19
f 2425//19 2432//19 2424//19
f 2424//21 2432//21 2433//21
f 2424//19 2433//19 2434//19
f 2434//21 2433//21 2435//21
f 2435//19 2436//19 2434//19
f 2434//21 2436//21 2437//21
f 2434//19 2437//19 2438//19
f 2439//19 2417//19 2440//19
f 2440//19 2417//19 2434//19
f 2440//19 2434//19 2441//19
f 2441//19 2434//19 2442//19
f 2442//19 2434//19 2438//19
f 2442//19 2438//19 2422//19
f 2422//19 2438//19 2443//19
f 2422//21 2443//21 2429//21
f 2439//19 2444//19 2417//19
f 2417//19 2444//19 2445//19
f 2417//19 2445//19 2415//19
f 2415//19 2445//19 2446//19
f 2415//19 2446//19 2427//19
f 2422//11 2447//11 2442//11
f 2442//11 2447//11 2448//11
f 2442//12 2448//12 2441//12
f 2441//12 2448//12 2449//12
f 2441//13 2449//13 2440//13
f 2440//13 2449//13 2450//13
f 2440//14 2450//14 2439//14
f 2439//14 2450//14 2451//14
f 2439//15 2451//15 2444//15
f 2444//15 2451//15 2452//15
f 2444//247 2452//247 2445//247
f 2445//247 2452//247 2453//247
f 2445//227 2453//227 2446//227
f 2446//227 2453//227 2454//227
f 2446//225 2454//225 2427//225
f 2427//225 2454//225 2455//225
f 2427//5 2455//5 2428//5
f 2428//5 2455//5 2456//5
f 2428//6 2456//6 2431//6
f 2431//6 2456//6 2457//6
f 2431//7 2457//7 2421//7
f 2421//7 2457//7 2458//7
f 2421//254 2458//254 2422//254
f 2422//254 2458//254 2447//254
f 2161//25 2459//25 2162//25
f 2162//25 2459//25 2418//25
f 2161//26 2160//26 2459//26
f 2459//26 2160//26 2180//26
f 2459//25 2180//25 2460//25
f 2180//25 2179//25 2460//25
f 2460//25 2179//25 2178//25
f 2460//25 2178//25 2159//25
f 2169//26 2450//26 2165//26
f 2165//25 2450//25 2449//25
f 2165//273 2449//273 2159//273
f 2159//26 2449//26 2448//26
f 2159//26 2448//26 2460//26
f 2460//26 2448//26 2447//26
f 2460//25 2447//25 2458//25
f 2453//25 2418//25 2454//25
f 2454//25 2418//25 2416//25
f 2458//26 2457//26 2460//26
f 2460//25 2457//25 2456//25
f 2460//25 2456//25 2416//25
f 2416//25 2456//25 2455//25
f 2416//25 2455//25 2454//25
f 2453//26 2452//26 2418//26
f 2418//26 2452//26 2451//26
f 2418//25 2451//25 2450//25
f 2169//25 2168//25 2450//25
f 2450//26 2168//26 2164//26
f 2450//25 2164//25 2418//25
f 2418//25 2164//25 2163//25
f 2418//26 2163//26 2162//26
f 2434//24 2459//24 2424//24
f 2424//23 2459//23 2460//23
f 2424//24 2460//24 2461//24
f 2461//24 2460//24 2462//24
f 2461//24 2462//24 2463//24
f 2463//24 2462//24 2464//24
f 2463//24 2464//24 2434//24
f 2434//24 2464//24 2459//24
f 2416//50 2465//50 2466//50
f 2460//50 2467//50 2468//50
f 2469//49 2470//49 2471//49
f 2460//49 2468//49 2462//49
f 2462//49 2468//49 2472//49
f 2462//50 2472//50 2473//50
f 2474//50 2475//50 2414//50
f 2466//49 2469//49 2416//49
f 2416//49 2469//49 2471//49
f 2416//49 2471//49 2460//49
f 2460//274 2471//274 2476//274
f 2460//49 2476//49 2467//49
f 2477//49 2478//49 2479//49
f 2479//49 2478//49 2480//49
f 2479//50 2480//50 2470//50
f 2470//49 2480//49 2481//49
f 2470//50 2481//50 2471//50
f 2473//49 2482//49 2462//49
f 2462//50 2482//50 2483//50
f 2462//49 2483//49 2484//49
f 2474//49 2414//49 2485//49
f 2485//49 2414//49 2462//49
f 2485//50 2462//50 2477//50
f 2477//49 2462//49 2484//49
f 2477//49 2484//49 2478//49
f 2475//50 2486//50 2414//50
f 2414//49 2486//49 2487//49
f 2414//49 2487//49 2416//49
f 2416//50 2487//50 2488//50
f 2416//49 2488//49 2465//49
f 2487//275 2489//275 2488//275
f 2488//48 2489//48 2490//48
f 2488//46 2490//46 2465//46
f 2465//46 2490//46 2491//46
f 2465//61 2491//61 2466//61
f 2466//61 2491//61 2492//61
f 2466//168 2492//168 2469//168
f 2469//168 2492//168 2493//168
f 2469//59 2493//59 2470//59
f 2470//59 2493//59 2494//59
f 2470//166 2494//166 2479//166
f 2479//166 2494//166 2495//166
f 2479//56 2495//56 2477//56
f 2477//57 2495//57 2496//57
f 2477//165 2496//165 2485//165
f 2485//165 2496//165 2497//165
f 2485//33 2497//33 2474//33
f 2474//33 2497//33 2498//33
f 2474//54 2498//54 2475//54
f 2475//54 2498//54 2499//54
f 2475//31 2499//31 2486//31
f 2486//31 2499//31 2500//31
f 2486//30 2500//30 2487//30
f 2487//30 2500//30 2489//30
f 2501//28 2424//28 2502//28
f 2502//28 2424//28 2461//28
f 2502//28 2461//28 2503//28
f 2413//28 2504//28 2461//28
f 2461//29 2504//29 2505//29
f 2461//28 2505//28 2503//28
f 2501//29 2506//29 2424//29
f 2424//28 2506//28 2507//28
f 2424//29 2507//29 2508//29
f 2495//28 2424//28 2496//28
f 2496//28 2424//28 2508//28
f 2496//28 2508//28 2497//28
f 2497//29 2508//29 2509//29
f 2497//29 2509//29 2498//29
f 2495//29 2494//29 2424//29
f 2424//28 2494//28 2493//28
f 2424//28 2493//28 2415//28
f 2415//29 2493//29 2492//29
f 2415//28 2492//28 2491//28
f 2491//29 2490//29 2415//29
f 2415//28 2490//28 2489//28
f 2415//28 2489//28 2413//28
f 2489//28 2500//28 2413//28
f 2413//28 2500//28 2499//28
f 2413//29 2499//29 2498//29
f 2509//29 2510//29 2498//29
f 2498//29 2510//29 2511//29
f 2498//28 2511//28 2413//28
f 2413//28 2511//28 2512//28
f 2413//28 2512//28 2504//28
f 2419//25 2513//25 2463//25
f 2463//25 2513//25 2514//25
f 2463//25 2514//25 2461//25
f 2461//26 2514//26 2515//26
f 2461//25 2515//25 2516//25
f 2516//25 2517//25 2461//25
f 2461//25 2517//25 2518//25
f 2461//25 2518//25 2519//25
f 2520//25 2521//25 2522//25
f 2522//26 2521//26 2523//26
f 2522//26 2523//26 2519//26
f 2519//25 2523//25 2524//25
f 2519//25 2524//25 2461//25
f 2461//25 2524//25 2525//25
f 2461//25 2525//25 2526//25
f 2526//26 2527//26 2461//26
f 2461//25 2527//25 2528//25
f 2461//25 2528//25 2413//25
f 2528//26 2529//26 2413//26
f 2413//25 2529//25 2530//25
f 2413//25 2530//25 2419//25
f 2419//26 2530//26 2531//26
f 2531//26 2532//26 2419//26
f 2419//25 2532//25 2533//25
f 2419//26 2533//26 2521//26
f 2520//25 2534//25 2521//25
f 2521//26 2534//26 2535//26
f 2521//25 2535//25 2419//25
f 2419//26 2535//26 2536//26
f 2419//25 2536//25 2513//25
f 2537//275 2538//275 2539//275
f 2539//275 2538//275 2540//275
f 2539//46 2540//46 2541//46
f 2541//46 2540//46 2542//46
f 2541//61 2542//61 2543//61
f 2543//61 2542//61 2544//61
f 2543//168 2544//168 2545//168
f 2545//43 2544//43 2546//43
f 2545//59 2546//59 2547//59
f 2547//59 2546//59 2548//59
f 2547//166 2548//166 2549//166
f 2549//166 2548//166 2550//166
f 2549//37 2550//37 2551//37
f 2551//57 2550//57 2552//57
f 2551//165 2552//165 2553//165
f 2553//165 2552//165 2554//165
f 2553//33 2554//33 2555//33
f 2555//33 2554//33 2556//33
f 2555//32 2556//32 2557//32
f 2557//54 2556//54 2558//54
f 2557//31 2558//31 2559//31
f 2559//31 2558//31 2560//31
f 2559//30 2560//30 2537//30
f 2537//30 2560//30 2538//30
f 2561//49 2562//49 2417//49
f 2417//50 2562//50 2563//50
f 2417//49 2563//49 2434//49
f 2564//49 2565//49 2463//49
f 2563//50 2566//50 2434//50
f 2434//49 2566//49 2567//49
f 2434//49 2567//49 2463//49
f 2463//50 2567//50 2568//50
f 2463//49 2568//49 2564//49
f 2569//49 2419//49 2570//49
f 2570//49 2419//49 2463//49
f 2570//50 2463//50 2571//50
f 2571//50 2463//50 2565//50
f 2557//49 2419//49 2555//49
f 2555//49 2419//49 2569//49
f 2555//50 2569//50 2553//50
f 2557//50 2559//50 2419//50
f 2419//49 2559//49 2537//49
f 2419//49 2537//49 2417//49
f 2417//49 2537//49 2539//49
f 2417//50 2539//50 2541//50
f 2541//49 2543//49 2417//49
f 2417//276 2543//276 2545//276
f 2417//49 2545//49 2561//49
f 2561//50 2545//50 2547//50
f 2561//50 2547//50 2572//50
f 2572//49 2547//49 2549//49
f 2572//49 2549//49 2569//49
f 2569//50 2549//50 2551//50
f 2569//49 2551//49 2553//49
f 2572//63 2573//63 2561//63
f 2561//48 2573//48 2574//48
f 2561//46 2574//46 2562//46
f 2562//46 2574//46 2575//46
f 2562//61 2575//61 2563//61
f 2563//61 2575//61 2576//61
f 2563//43 2576//43 2566//43
f 2566//43 2576//43 2577//43
f 2566//197 2577//197 2567//197
f 2567//59 2577//59 2578//59
f 2567//277 2578//277 2568//277
f 2568//166 2578//166 2579//166
f 2568//195 2579//195 2564//195
f 2564//195 2579//195 2580//195
f 2564//165 2580//165 2565//165
f 2565//55 2580//55 2581//55
f 2565//34 2581//34 2571//34
f 2571//34 2581//34 2582//34
f 2571//54 2582//54 2570//54
f 2570//32 2582//32 2583//32
f 2570//193 2583//193 2569//193
f 2569//31 2583//31 2584//31
f 2569//278 2584//278 2572//278
f 2572//30 2584//30 2573//30
f 2579//28 2459//28 2580//28
f 2580//28 2459//28 2464//28
f 2580//28 2464//28 2581//28
f 2544//28 2418//28 2546//28
f 2546//29 2418//29 2459//29
f 2546//28 2459//28 2548//28
f 2579//29 2578//29 2459//29
f 2459//29 2578//29 2577//29
f 2459//28 2577//28 2576//28
f 2544//29 2542//29 2418//29
f 2418//28 2542//28 2540//28
f 2418//28 2540//28 2420//28
f 2420//157 2540//157 2538//157
f 2538//28 2560//28 2420//28
f 2420//29 2560//29 2558//29
f 2420//28 2558//28 2556//28
f 2574//29 2556//29 2575//29
f 2575//28 2556//28 2554//28
f 2575//28 2554//28 2576//28
f 2576//29 2554//29 2552//29
f 2576//28 2552//28 2459//28
f 2459//28 2552//28 2550//28
f 2459//28 2550//28 2548//28
f 2574//28 2573//28 2556//28
f 2556//29 2573//29 2584//29
f 2556//28 2584//28 2420//28
f 2420//28 2584//28 2583//28
f 2420//28 2583//28 2464//28
f 2464//28 2583//28 2582//28
f 2464//29 2582//29 2581//29
f 2462//19 2585//19 2464//19
f 2464//19 2585//19 2586//19
f 2464//19 2586//19 2587//19
f 2414//19 2588//19 2589//19
f 2590//19 2591//19 2592//19
f 2593//19 2594//19 2464//19
f 2464//21 2594//21 2595//21
f 2464//19 2595//19 2420//19
f 2420//21 2595//21 2596//21
f 2589//19 2597//19 2414//19
f 2414//21 2597//21 2598//21
f 2414//19 2598//19 2462//19
f 2462//21 2598//21 2599//21
f 2462//19 2599//19 2585//19
f 2589//21 2600//21 2597//21
f 2597//19 2600//19 2590//19
f 2597//19 2590//19 2601//19
f 2601//21 2590//21 2592//21
f 2587//19 2602//19 2464//19
f 2464//21 2602//21 2603//21
f 2464//19 2603//19 2593//19
f 2593//20 2603//20 2604//20
f 2593//21 2604//21 2591//21
f 2591//19 2604//19 2605//19
f 2591//19 2605//19 2592//19
f 2596//19 2606//19 2420//19
f 2420//19 2606//19 2607//19
f 2420//19 2607//19 2414//19
f 2414//19 2607//19 2608//19
f 2414//21 2608//21 2588//21
f 2591//11 2525//11 2593//11
f 2593//11 2525//11 2524//11
f 2593//12 2524//12 2594//12
f 2594//12 2524//12 2523//12
f 2594//13 2523//13 2595//13
f 2595//13 2523//13 2521//13
f 2595//14 2521//14 2596//14
f 2596//14 2521//14 2533//14
f 2596//15 2533//15 2606//15
f 2606//15 2533//15 2532//15
f 2606//247 2532//247 2607//247
f 2607//247 2532//247 2531//247
f 2607//227 2531//227 2608//227
f 2608//227 2531//227 2530//227
f 2608//225 2530//225 2588//225
f 2588//225 2530//225 2529//225
f 2588//5 2529//5 2589//5
f 2589//5 2529//5 2528//5
f 2589//6 2528//6 2600//6
f 2600//6 2528//6 2527//6
f 2600//7 2527//7 2590//7
f 2590//7 2527//7 2526//7
f 2590//254 2526//254 2591//254
f 2591//254 2526//254 2525//254
f 2609//5 2610//5 2611//5
f 2611//5 2610//5 2612//5
f 2611//225 2612//225 2613//225
f 2613//225 2612//225 2614//225
f 2613//227 2614//227 2615//227
f 2615//227 2614//227 2616//227
f 2615//247 2616//247 2617//247
f 2617//247 2616//247 2618//247
f 2617//15 2618//15 2619//15
f 2619//15 2618//15 2620//15
f 2619//14 2620//14 2621//14
f 2621//14 2620//14 2622//14
f 2621//13 2622//13 2623//13
f 2623//13 2622//13 2624//13
f 2623//12 2624//12 2625//12
f 2625//12 2624//12 2626//12
f 2625//11 2626//11 2627//11
f 2627//11 2626//11 2628//11
f 2627//254 2628//254 2629//254
f 2629//254 2628//254 2630//254
f 2629//7 2630//7 2631//7
f 2631//7 2630//7 2632//7
f 2631//6 2632//6 2609//6
f 2609//6 2632//6 2610//6
f 2617//25 2619//25 2633//25
f 2617//25 2633//25 2615//25
f 2615//25 2633//25 2634//25
f 2615//25 2634//25 2613//25
f 2619//25 2635//25 2636//25
f 2637//25 2627//25 2638//25
f 2638//25 2627//25 2629//25
f 2629//25 2631//25 2638//25
f 2638//25 2631//25 2609//25
f 2638//25 2609//25 2634//25
f 2634//25 2609//25 2611//25
f 2634//25 2611//25 2613//25
f 2639//25 2640//25 2637//25
f 2637//26 2640//26 2635//26
f 2619//25 2621//25 2635//25
f 2635//25 2621//25 2623//25
f 2635//25 2623//25 2637//25
f 2637//25 2623//25 2625//25
f 2637//25 2625//25 2627//25
f 2636//25 2641//25 2619//25
f 2619//25 2641//25 2642//25
f 2619//25 2642//25 2643//25
f 2633//25 2644//25 2637//25
f 2637//25 2644//25 2645//25
f 2637//25 2645//25 2639//25
f 2643//25 2646//25 2619//25
f 2619//25 2646//25 2647//25
f 2619//25 2647//25 2633//25
f 2633//26 2647//26 2648//26
f 2633//25 2648//25 2644//25
f 2642//224 2649//224 2643//224
f 2643//5 2649//5 2650//5
f 2643//225 2650//225 2646//225
f 2646//225 2650//225 2651//225
f 2646//227 2651//227 2647//227
f 2647//227 2651//227 2652//227
f 2647//247 2652//247 2648//247
f 2648//247 2652//247 2653//247
f 2648//15 2653//15 2644//15
f 2644//15 2653//15 2654//15
f 2644//14 2654//14 2645//14
f 2645//14 2654//14 2655//14
f 2645//13 2655//13 2639//13
f 2639//13 2655//13 2656//13
f 2639//12 2656//12 2640//12
f 2640//12 2656//12 2657//12
f 2640//11 2657//11 2635//11
f 2635//11 2657//11 2658//11
f 2635//254 2658//254 2636//254
f 2636//254 2658//254 2659//254
f 2636//7 2659//7 2641//7
f 2641//7 2659//7 2660//7
f 2641//6 2660//6 2642//6
f 2642//6 2660//6 2649//6
f 2650//19 2620//19 2618//19
f 2616//21 2614//21 2661//21
f 2661//19 2614//19 2612//19
f 2661//19 2612//19 2662//19
f 2662//19 2612//19 2610//19
f 2662//19 2610//19 2632//19
f 2620//19 2650//19 2622//19
f 2622//19 2650//19 2649//19
f 2622//19 2649//19 2624//19
f 2653//19 2652//19 2663//19
f 2663//19 2652//19 2651//19
f 2663//19 2651//19 2661//19
f 2661//19 2651//19 2650//19
f 2661//19 2650//19 2616//19
f 2616//19 2650//19 2618//19
f 2632//19 2630//19 2662//19
f 2662//21 2630//21 2628//21
f 2662//19 2628//19 2664//19
f 2664//19 2628//19 2626//19
f 2664//19 2626//19 2624//19
f 2649//19 2660//19 2624//19
f 2624//19 2660//19 2659//19
f 2624//19 2659//19 2664//19
f 2664//19 2659//19 2658//19
f 2664//19 2658//19 2657//19
f 2657//19 2656//19 2664//19
f 2664//19 2656//19 2655//19
f 2664//19 2655//19 2663//19
f 2663//19 2655//19 2654//19
f 2663//21 2654//21 2653//21
f 2634//49 2661//49 2638//49
f 2638//49 2661//49 2662//49
f 2638//49 2662//49 2665//49
f 2665//49 2662//49 2666//49
f 2665//49 2666//49 2667//49
f 2667//49 2666//49 2668//49
f 2667//49 2668//49 2634//49
f 2634//49 2668//49 2661//49
f 2669//24 2670//24 2666//24
f 2666//24 2670//24 2671//24
f 2666//24 2671//24 2672//24
f 2672//24 2671//24 2673//24
f 2674//24 2664//24 2675//24
f 2675//24 2664//24 2672//24
f 2675//24 2672//24 2676//24
f 2676//24 2672//24 2673//24
f 2677//24 2678//24 2662//24
f 2662//24 2678//24 2679//24
f 2662//24 2679//24 2666//24
f 2666//24 2679//24 2680//24
f 2666//24 2680//24 2681//24
f 2674//24 2682//24 2664//24
f 2664//24 2682//24 2683//24
f 2664//24 2683//24 2662//24
f 2662//24 2683//24 2684//24
f 2662//24 2684//24 2685//24
f 2685//24 2686//24 2662//24
f 2662//24 2686//24 2687//24
f 2662//24 2687//24 2677//24
f 2681//24 2688//24 2666//24
f 2666//24 2688//24 2689//24
f 2666//24 2689//24 2669//24
f 2669//24 2689//24 2690//24
f 2669//24 2690//24 2691//24
f 2691//24 2690//24 2692//24
f 2691//24 2692//24 2685//24
f 2685//24 2692//24 2693//24
f 2685//24 2693//24 2686//24
f 2694//174 2675//174 2695//174
f 2695//174 2675//174 2676//174
f 2695//79 2676//79 2696//79
f 2696//79 2676//79 2673//79
f 2696//176 2673//176 2697//176
f 2697//176 2673//176 2671//176
f 2697//81 2671//81 2698//81
f 2698//81 2671//81 2670//81
f 2698//83 2670//83 2699//83
f 2699//83 2670//83 2669//83
f 2699//80 2669//80 2700//80
f 2700//80 2669//80 2691//80
f 2700//65 2691//65 2701//65
f 2701//65 2691//65 2685//65
f 2701//77 2685//77 2702//77
f 2702//77 2685//77 2684//77
f 2702//78 2684//78 2703//78
f 2703//78 2684//78 2683//78
f 2703//171 2683//171 2704//171
f 2704//171 2683//171 2682//171
f 2704//172 2682//172 2705//172
f 2705//172 2682//172 2674//172
f 2705//173 2674//173 2694//173
f 2694//173 2674//173 2675//173
f 2706//51 2665//51 2707//51
f 2708//51 2697//51 2709//51
f 2709//51 2697//51 2698//51
f 2709//51 2698//51 2710//51
f 2710//51 2698//51 2699//51
f 2703//51 2637//51 2638//51
f 2703//51 2704//51 2637//51
f 2637//51 2704//51 2705//51
f 2637//51 2705//51 2707//51
f 2707//51 2705//51 2694//51
f 2694//51 2695//51 2707//51
f 2707//51 2695//51 2696//51
f 2707//51 2696//51 2697//51
f 2708//51 2711//51 2697//51
f 2697//51 2711//51 2712//51
f 2697//51 2712//51 2707//51
f 2707//51 2712//51 2713//51
f 2707//51 2713//51 2706//51
f 2714//51 2638//51 2715//51
f 2715//51 2638//51 2665//51
f 2715//51 2665//51 2716//51
f 2716//51 2665//51 2706//51
f 2714//51 2717//51 2638//51
f 2638//51 2717//51 2718//51
f 2638//51 2718//51 2710//51
f 2699//51 2700//51 2710//51
f 2710//51 2700//51 2701//51
f 2710//51 2701//51 2638//51
f 2638//51 2701//51 2702//51
f 2638//51 2702//51 2703//51
f 2711//174 2692//174 2712//174
f 2712//174 2692//174 2690//174
f 2712//79 2690//79 2713//79
f 2713//79 2690//79 2689//79
f 2713//176 2689//176 2706//176
f 2706//176 2689//176 2688//176
f 2706//81 2688//81 2716//81
f 2716//81 2688//81 2681//81
f 2716//83 2681//83 2715//83
f 2715//83 2681//83 2680//83
f 2715//80 2680//80 2714//80
f 2714//80 2680//80 2679//80
f 2714//65 2679//65 2717//65
f 2717//65 2679//65 2678//65
f 2717//77 2678//77 2718//77
f 2718//77 2678//77 2677//77
f 2718//78 2677//78 2710//78
f 2710//78 2677//78 2687//78
f 2710//171 2687//171 2709//171
f 2709//171 2687//171 2686//171
f 2709//172 2686//172 2708//172
f 2708//172 2686//172 2693//172
f 2708//173 2693//173 2711//173
f 2711//173 2693//173 2692//173
f 2719//19 2720//19 2667//19
f 2667//19 2720//19 2665//19
f 2665//19 2720//19 2721//19
f 2665//19 2721//19 2722//19
f 2719//19 2667//19 2723//19
f 2723//19 2667//19 2724//19
f 2723//19 2724//19 2725//19
f 2722//19 2726//19 2665//19
f 2665//19 2726//19 2727//19
f 2665//19 2727//19 2707//19
f 2707//19 2727//19 2728//19
f 2707//19 2728//19 2729//19
f 2730//19 2731//19 2732//19
f 2732//19 2731//19 2707//19
f 2732//19 2707//19 2733//19
f 2734//19 2729//19 2735//19
f 2735//19 2729//19 2736//19
f 2735//19 2736//19 2724//19
f 2724//19 2736//19 2737//19
f 2724//19 2737//19 2725//19
f 2730//19 2738//19 2731//19
f 2731//19 2738//19 2739//19
f 2731//19 2739//19 2667//19
f 2667//19 2739//19 2740//19
f 2667//19 2740//19 2724//19
f 2734//19 2741//19 2729//19
f 2729//19 2741//19 2742//19
f 2729//19 2742//19 2707//19
f 2707//19 2742//19 2743//19
f 2707//19 2743//19 2733//19
f 2744//5 2735//5 2745//5
f 2745//224 2735//224 2724//224
f 2745//226 2724//226 2746//226
f 2746//225 2724//225 2740//225
f 2746//227 2740//227 2747//227
f 2747//227 2740//227 2739//227
f 2747//247 2739//247 2748//247
f 2748//247 2739//247 2738//247
f 2748//15 2738//15 2749//15
f 2749//15 2738//15 2730//15
f 2749//14 2730//14 2750//14
f 2750//14 2730//14 2732//14
f 2750//13 2732//13 2751//13
f 2751//13 2732//13 2733//13
f 2751//12 2733//12 2752//12
f 2752//12 2733//12 2743//12
f 2752//11 2743//11 2753//11
f 2753//11 2743//11 2742//11
f 2753//254 2742//254 2754//254
f 2754//254 2742//254 2741//254
f 2754//7 2741//7 2755//7
f 2755//7 2741//7 2734//7
f 2755//6 2734//6 2744//6
f 2744//6 2734//6 2735//6
f 2756//25 2757//25 2746//25
f 2758//25 2748//25 2749//25
f 2758//25 2749//25 2672//25
f 2756//25 2746//25 2759//25
f 2749//25 2750//25 2672//25
f 2672//26 2750//26 2751//26
f 2672//25 2751//25 2752//25
f 2760//26 2759//26 2668//26
f 2668//25 2759//25 2746//25
f 2668//25 2746//25 2758//25
f 2758//25 2746//25 2747//25
f 2758//26 2747//26 2748//26
f 2761//25 2762//25 2672//25
f 2672//25 2762//25 2763//25
f 2672//25 2763//25 2666//25
f 2666//25 2763//25 2764//25
f 2764//25 2765//25 2666//25
f 2666//25 2765//25 2766//25
f 2666//25 2766//25 2668//25
f 2668//25 2766//25 2767//25
f 2668//25 2767//25 2760//25
f 2752//25 2753//25 2672//25
f 2672//26 2753//26 2754//26
f 2672//25 2754//25 2761//25
f 2761//25 2754//25 2755//25
f 2761//25 2755//25 2768//25
f 2768//25 2755//25 2744//25
f 2768//25 2744//25 2757//25
f 2757//25 2744//25 2745//25
f 2757//25 2745//25 2746//25
f 2766//5 2721//5 2767//5
f 2767//5 2721//5 2720//5
f 2767//225 2720//225 2760//225
f 2760//225 2720//225 2719//225
f 2760//227 2719//227 2759//227
f 2759//227 2719//227 2723//227
f 2759//247 2723//247 2756//247
f 2756//247 2723//247 2725//247
f 2756//15 2725//15 2757//15
f 2757//15 2725//15 2737//15
f 2757//14 2737//14 2768//14
f 2768//14 2737//14 2736//14
f 2768//13 2736//13 2761//13
f 2761//13 2736//13 2729//13
f 2761//12 2729//12 2762//12
f 2762//12 2729//12 2728//12
f 2762//11 2728//11 2763//11
f 2763//11 2728//11 2727//11
f 2763//254 2727//254 2764//254
f 2764//254 2727//254 2726//254
f 2764//7 2726//7 2765//7
f 2765//7 2726//7 2722//7
f 2765//6 2722//6 2766//6
f 2766//6 2722//6 2721//6
f 2633//28 2663//28 2731//28
f 2731//28 2663//28 2758//28
f 2731//29 2758//29 2707//29
f 2707//29 2758//29 2672//29
f 2707//28 2672//28 2637//28
f 2637//28 2672//28 2664//28
f 2637//28 2664//28 2633//28
f 2633//28 2664//28 2663//28
f 2769//51 2663//51 2661//51
f 2770//51 2771//51 2772//51
f 2772//51 2771//51 2773//51
f 2772//51 2773//51 2774//51
f 2774//51 2773//51 2775//51
f 2769//51 2776//51 2663//51
f 2663//51 2776//51 2777//51
f 2663//51 2777//51 2758//51
f 2758//51 2777//51 2778//51
f 2661//51 2779//51 2771//51
f 2778//51 2780//51 2758//51
f 2758//51 2780//51 2781//51
f 2758//51 2781//51 2774//51
f 2782//51 2783//51 2668//51
f 2668//51 2783//51 2784//51
f 2668//51 2784//51 2661//51
f 2661//51 2784//51 2785//51
f 2661//51 2785//51 2779//51
f 2770//51 2786//51 2771//51
f 2771//51 2786//51 2787//51
f 2771//51 2787//51 2661//51
f 2661//51 2787//51 2788//51
f 2661//51 2788//51 2769//51
f 2775//51 2789//51 2774//51
f 2774//51 2789//51 2790//51
f 2774//51 2790//51 2758//51
f 2758//51 2790//51 2791//51
f 2758//51 2791//51 2668//51
f 2668//51 2791//51 2792//51
f 2668//51 2792//51 2782//51
f 2778//175 2793//175 2780//175
f 2780//174 2793//174 2794//174
f 2780//79 2794//79 2781//79
f 2781//79 2794//79 2795//79
f 2781//176 2795//176 2774//176
f 2774//176 2795//176 2796//176
f 2774//81 2796//81 2772//81
f 2772//81 2796//81 2797//81
f 2772//83 2797//83 2770//83
f 2770//83 2797//83 2798//83
f 2770//80 2798//80 2786//80
f 2786//80 2798//80 2799//80
f 2786//66 2799//66 2787//66
f 2787//65 2799//65 2800//65
f 2787//77 2800//77 2788//77
f 2788//77 2800//77 2801//77
f 2788//78 2801//78 2769//78
f 2769//78 2801//78 2802//78
f 2769//171 2802//171 2776//171
f 2776//171 2802//171 2803//171
f 2776//172 2803//172 2777//172
f 2777//172 2803//172 2804//172
f 2777//173 2804//173 2778//173
f 2778//173 2804//173 2793//173
f 2667//24 2805//24 2806//24
f 2634//24 2807//24 2808//24
f 2804//24 2633//24 2793//24
f 2793//24 2633//24 2731//24
f 2793//24 2731//24 2794//24
f 2794//24 2731//24 2795//24
f 2804//24 2803//24 2633//24
f 2633//24 2803//24 2802//24
f 2633//24 2802//24 2634//24
f 2802//24 2801//24 2634//24
f 2634//24 2801//24 2800//24
f 2634//24 2800//24 2807//24
f 2807//24 2800//24 2809//24
f 2795//24 2731//24 2796//24
f 2796//24 2731//24 2667//24
f 2796//24 2667//24 2797//24
f 2667//24 2806//24 2797//24
f 2797//24 2806//24 2810//24
f 2797//24 2810//24 2798//24
f 2798//24 2810//24 2811//24
f 2798//24 2811//24 2799//24
f 2799//24 2811//24 2812//24
f 2799//24 2812//24 2800//24
f 2800//24 2812//24 2813//24
f 2800//24 2813//24 2809//24
f 2808//24 2814//24 2634//24
f 2634//24 2814//24 2815//24
f 2634//24 2815//24 2667//24
f 2667//24 2815//24 2816//24
f 2667//24 2816//24 2805//24
f 2789//174 2812//174 2790//174
f 2790//174 2812//174 2811//174
f 2790//79 2811//79 2791//79
f 2791//79 2811//79 2810//79
f 2791//176 2810//176 2792//176
f 2792//176 2810//176 2806//176
f 2792//81 2806//81 2782//81
f 2782//81 2806//81 2805//81
f 2782//83 2805//83 2783//83
f 2783//83 2805//83 2816//83
f 2783//80 2816//80 2784//80
f 2784//80 2816//80 2815//80
f 2784//65 2815//65 2785//65
f 2785//65 2815//65 2814//65
f 2785//77 2814//77 2779//77
f 2779//77 2814//77 2808//77
f 2779//78 2808//78 2771//78
f 2771//78 2808//78 2807//78
f 2771//171 2807//171 2773//171
f 2773//171 2807//171 2809//171
f 2773//172 2809//172 2775//172
f 2775//172 2809//172 2813//172
f 2775//173 2813//173 2789//173
f 2789//173 2813//173 2812//173
f 2817//174 2818//174 2819//174
f 2819//174 2818//174 2820//174
f 2819//79 2820//79 2821//79
f 2821//79 2820//79 2822//79
f 2821//176 2822//176 2823//176
f 2823//176 2822//176 2824//176
f 2823//81 2824//81 2825//81
f 2825//81 2824//81 2826//81
f 2825//83 2826//83 2827//83
f 2827//83 2826//83 2828//83
f 2827//80 2828//80 2829//80
f 2829//80 2828//80 2830//80
f 2829//65 2830//65 2831//65
f 2831//65 2830//65 2832//65
f 2831//77 2832//77 2833//77
f 2833//77 2832//77 2834//77
f 2833//78 2834//78 2835//78
f 2835//78 2834//78 2836//78
f 2835//171 2836//171 2837//171
f 2837//171 2836//171 2838//171
f 2837//172 2838//172 2839//172
f 2839//172 2838//172 2840//172
f 2839//173 2840//173 2817//173
f 2817//173 2840//173 2818//173
f 2841//24 2842//24 2843//24
f 2843//24 2842//24 2844//24
f 2843//24 2844//24 2845//24
f 2845//24 2844//24 2846//24
f 2847//24 2836//24 2848//24
f 2848//24 2836//24 2834//24
f 2834//24 2832//24 2848//24
f 2848//24 2832//24 2830//24
f 2848//24 2830//24 2843//24
f 2843//24 2830//24 2828//24
f 2846//24 2849//24 2845//24
f 2845//24 2849//24 2850//24
f 2845//24 2850//24 2847//24
f 2851//24 2841//24 2824//24
f 2824//24 2841//24 2843//24
f 2824//24 2843//24 2826//24
f 2826//24 2843//24 2828//24
f 2820//24 2852//24 2822//24
f 2822//24 2852//24 2853//24
f 2822//24 2853//24 2824//24
f 2824//24 2853//24 2854//24
f 2824//24 2854//24 2851//24
f 2850//24 2855//24 2847//24
f 2847//24 2855//24 2856//24
f 2847//24 2856//24 2852//24
f 2820//24 2818//24 2852//24
f 2852//24 2818//24 2840//24
f 2852//24 2840//24 2847//24
f 2847//24 2840//24 2838//24
f 2847//24 2838//24 2836//24
f 2857//174 2850//174 2858//174
f 2858//175 2850//175 2849//175
f 2858//79 2849//79 2859//79
f 2859//79 2849//79 2846//79
f 2859//176 2846//176 2860//176
f 2860//176 2846//176 2844//176
f 2860//81 2844//81 2861//81
f 2861//81 2844//81 2842//81
f 2861//83 2842//83 2862//83
f 2862//213 2842//213 2841//213
f 2862//80 2841//80 2863//80
f 2863//80 2841//80 2851//80
f 2863//65 2851//65 2864//65
f 2864//65 2851//65 2854//65
f 2864//77 2854//77 2865//77
f 2865//77 2854//77 2853//77
f 2865//78 2853//78 2866//78
f 2866//78 2853//78 2852//78
f 2866//171 2852//171 2867//171
f 2867//171 2852//171 2856//171
f 2867//172 2856//172 2868//172
f 2868//172 2856//172 2855//172
f 2868//173 2855//173 2857//173
f 2857//173 2855//173 2850//173
f 2418//51 2868//51 2869//51
f 2869//51 2868//51 2857//51
f 2862//51 2835//51 2861//51
f 2861//51 2835//51 2837//51
f 2861//51 2837//51 2860//51
f 2860//51 2837//51 2839//51
f 2857//51 2858//51 2869//51
f 2869//51 2858//51 2859//51
f 2869//51 2859//51 2860//51
f 2825//51 2827//51 2870//51
f 2870//51 2827//51 2829//51
f 2870//51 2829//51 2871//51
f 2871//51 2866//51 2418//51
f 2418//51 2866//51 2867//51
f 2418//51 2867//51 2868//51
f 2839//51 2817//51 2860//51
f 2860//51 2817//51 2819//51
f 2860//51 2819//51 2869//51
f 2869//51 2819//51 2821//51
f 2869//51 2821//51 2870//51
f 2870//51 2821//51 2823//51
f 2870//51 2823//51 2825//51
f 2829//51 2831//51 2871//51
f 2871//51 2831//51 2833//51
f 2871//51 2833//51 2835//51
f 2862//51 2863//51 2835//51
f 2835//51 2863//51 2864//51
f 2835//51 2864//51 2871//51
f 2871//51 2864//51 2865//51
f 2871//51 2865//51 2866//51
f 2872//19 2873//19 2874//19
f 2873//21 2875//21 2874//21
f 2874//19 2875//19 2876//19
f 2874//19 2876//19 2418//19
f 2418//19 2876//19 2877//19
f 2418//21 2877//21 2878//21
f 2879//19 2880//19 2871//19
f 2871//19 2880//19 2881//19
f 2871//19 2881//19 2882//19
f 2882//19 2881//19 2883//19
f 2882//19 2883//19 2884//19
f 2872//19 2874//19 2885//19
f 2885//19 2874//19 2882//19
f 2885//19 2882//19 2886//19
f 2878//19 2887//19 2418//19
f 2418//21 2887//21 2888//21
f 2418//19 2888//19 2871//19
f 2871//19 2888//19 2889//19
f 2871//19 2889//19 2879//19
f 2879//19 2889//19 2890//19
f 2884//19 2891//19 2882//19
f 2882//19 2891//19 2892//19
f 2882//19 2892//19 2886//19
f 2892//19 2893//19 2886//19
f 2886//19 2893//19 2894//19
f 2886//19 2894//19 2895//19
f 2895//19 2894//19 2896//19
f 2895//19 2896//19 2889//19
f 2889//19 2896//19 2897//19
f 2889//19 2897//19 2890//19
f 2845//28 2869//28 2898//28
f 2898//29 2869//29 2899//29
f 2898//28 2899//28 2900//28
f 2900//28 2899//28 2874//28
f 2900//28 2874//28 2847//28
f 2847//28 2874//28 2418//28
f 2847//28 2418//28 2845//28
f 2845//28 2418//28 2869//28
f 2901//5 2902//5 2903//5
f 2903//5 2902//5 2904//5
f 2903//225 2904//225 2905//225
f 2905//225 2904//225 2906//225
f 2905//227 2906//227 2907//227
f 2907//227 2906//227 2908//227
f 2907//247 2908//247 2909//247
f 2909//247 2908//247 2910//247
f 2909//15 2910//15 2911//15
f 2911//15 2910//15 2912//15
f 2911//14 2912//14 2913//14
f 2913//14 2912//14 2914//14
f 2913//13 2914//13 2915//13
f 2915//13 2914//13 2916//13
f 2915//12 2916//12 2917//12
f 2917//12 2916//12 2918//12
f 2917//11 2918//11 2919//11
f 2919//11 2918//11 2920//11
f 2919//254 2920//254 2921//254
f 2921//254 2920//254 2922//254
f 2921//7 2922//7 2923//7
f 2923//7 2922//7 2924//7
f 2923//6 2924//6 2901//6
f 2901//6 2924//6 2902//6
f 2925//25 2926//25 2869//25
f 2869//25 2926//25 2899//25
f 2926//25 2927//25 2899//25
f 2899//26 2927//26 2928//26
f 2899//25 2928//25 2929//25
f 2915//25 2917//25 2899//25
f 2899//25 2917//25 2919//25
f 2899//25 2919//25 2930//25
f 2930//25 2919//25 2921//25
f 2869//25 2909//25 2911//25
f 2909//25 2869//25 2907//25
f 2907//25 2869//25 2931//25
f 2907//25 2931//25 2905//25
f 2921//25 2923//25 2930//25
f 2930//25 2923//25 2901//25
f 2930//25 2901//25 2931//25
f 2931//25 2901//25 2903//25
f 2931//25 2903//25 2905//25
f 2911//25 2932//25 2869//25
f 2869//25 2932//25 2933//25
f 2869//25 2933//25 2925//25
f 2929//25 2934//25 2899//25
f 2899//26 2934//26 2935//26
f 2899//25 2935//25 2915//25
f 2915//25 2935//25 2936//25
f 2915//25 2936//25 2913//25
f 2913//25 2936//25 2937//25
f 2913//25 2937//25 2911//25
f 2911//25 2937//25 2938//25
f 2911//25 2938//25 2932//25
f 2937//5 2939//5 2938//5
f 2938//5 2939//5 2940//5
f 2938//225 2940//225 2932//225
f 2932//225 2940//225 2941//225
f 2932//227 2941//227 2933//227
f 2933//227 2941//227 2942//227
f 2933//247 2942//247 2925//247
f 2925//247 2942//247 2943//247
f 2925//15 2943//15 2926//15
f 2926//15 2943//15 2944//15
f 2926//14 2944//14 2927//14
f 2927//14 2944//14 2945//14
f 2927//13 2945//13 2928//13
f 2928//13 2945//13 2946//13
f 2928//12 2946//12 2929//12
f 2929//12 2946//12 2947//12
f 2929//11 2947//11 2934//11
f 2934//11 2947//11 2948//11
f 2934//254 2948//254 2935//254
f 2935//254 2948//254 2949//254
f 2935//7 2949//7 2936//7
f 2936//7 2949//7 2950//7
f 2936//6 2950//6 2937//6
f 2937//6 2950//6 2939//6
f 2906//19 2904//19 2843//19
f 2843//19 2904//19 2951//19
f 2951//19 2904//19 2902//19
f 2951//19 2902//19 2924//19
f 2948//21 2947//21 2898//21
f 2906//19 2843//19 2908//19
f 2908//19 2843//19 2940//19
f 2908//19 2940//19 2910//19
f 2944//19 2845//19 2945//19
f 2945//19 2845//19 2898//19
f 2945//21 2898//21 2946//21
f 2946//19 2898//19 2947//19
f 2944//19 2943//19 2845//19
f 2845//21 2943//21 2942//21
f 2845//19 2942//19 2843//19
f 2843//19 2942//19 2941//19
f 2843//19 2941//19 2940//19
f 2924//19 2922//19 2951//19
f 2951//19 2922//19 2920//19
f 2951//19 2920//19 2898//19
f 2898//19 2920//19 2918//19
f 2898//19 2918//19 2948//19
f 2948//19 2918//19 2949//19
f 2949//19 2918//19 2950//19
f 2950//19 2918//19 2916//19
f 2950//19 2916//19 2939//19
f 2939//19 2916//19 2914//19
f 2939//19 2914//19 2940//19
f 2940//19 2914//19 2912//19
f 2940//19 2912//19 2910//19
f 2952//174 2953//174 2954//174
f 2954//174 2953//174 2955//174
f 2954//79 2955//79 2956//79
f 2956//79 2955//79 2957//79
f 2956//176 2957//176 2958//176
f 2958//176 2957//176 2959//176
f 2958//81 2959//81 2960//81
f 2960//81 2959//81 2961//81
f 2960//83 2961//83 2962//83
f 2962//83 2961//83 2963//83
f 2962//80 2963//80 2964//80
f 2964//80 2963//80 2965//80
f 2964//65 2965//65 2966//65
f 2966//65 2965//65 2967//65
f 2966//77 2967//77 2968//77
f 2968//77 2967//77 2969//77
f 2968//78 2969//78 2970//78
f 2970//78 2969//78 2971//78
f 2970//171 2971//171 2972//171
f 2972//171 2971//171 2973//171
f 2972//172 2973//172 2974//172
f 2974//172 2973//172 2975//172
f 2974//173 2975//173 2952//173
f 2952//173 2975//173 2953//173
f 2976//51 2900//51 2977//51
f 2978//51 2974//51 2952//51
f 2974//51 2978//51 2972//51
f 2972//51 2978//51 2979//51
f 2972//51 2979//51 2970//51
f 2976//51 2980//51 2900//51
f 2900//51 2980//51 2981//51
f 2900//51 2981//51 2898//51
f 2898//51 2981//51 2982//51
f 2898//51 2982//51 2983//51
f 2970//51 2977//51 2968//51
f 2968//51 2977//51 2966//51
f 2970//51 2979//51 2977//51
f 2977//51 2979//51 2984//51
f 2977//51 2984//51 2985//51
f 2951//51 2962//51 2977//51
f 2977//51 2962//51 2964//51
f 2977//51 2964//51 2966//51
f 2985//51 2986//51 2977//51
f 2977//51 2986//51 2987//51
f 2977//51 2987//51 2976//51
f 2952//51 2954//51 2978//51
f 2978//51 2954//51 2898//51
f 2978//51 2898//51 2988//51
f 2988//51 2898//51 2983//51
f 2954//51 2956//51 2898//51
f 2898//51 2956//51 2958//51
f 2898//51 2958//51 2951//51
f 2951//51 2958//51 2960//51
f 2951//51 2960//51 2962//51
f 2982//174 2989//174 2983//174
f 2983//174 2989//174 2990//174
f 2983//79 2990//79 2988//79
f 2988//79 2990//79 2991//79
f 2988//176 2991//176 2978//176
f 2978//176 2991//176 2992//176
f 2978//81 2992//81 2979//81
f 2979//81 2992//81 2993//81
f 2979//83 2993//83 2984//83
f 2984//83 2993//83 2994//83
f 2984//80 2994//80 2985//80
f 2985//80 2994//80 2995//80
f 2985//65 2995//65 2986//65
f 2986//65 2995//65 2996//65
f 2986//77 2996//77 2987//77
f 2987//77 2996//77 2997//77
f 2987//78 2997//78 2976//78
f 2976//78 2997//78 2998//78
f 2976//171 2998//171 2980//171
f 2980//171 2998//171 2999//171
f 2980//172 2999//172 2981//172
f 2981//172 2999//172 3000//172
f 2981//173 3000//173 2982//173
f 2982//173 3000//173 2989//173
f 2995//24 2994//24 2959//24
f 2959//24 2994//24 2930//24
f 2959//24 2930//24 2961//24
f 2955//24 2998//24 2957//24
f 2957//24 2998//24 2997//24
f 2957//24 2997//24 2959//24
f 2959//24 2997//24 2996//24
f 2959//24 2996//24 2995//24
f 3000//24 2999//24 2874//24
f 2874//24 2999//24 2998//24
f 2969//24 2967//24 2882//24
f 2882//24 2967//24 2965//24
f 2882//24 2965//24 2930//24
f 2930//24 2965//24 2963//24
f 2930//24 2963//24 2961//24
f 3000//24 2874//24 2989//24
f 2989//24 2874//24 2899//24
f 2989//24 2899//24 2990//24
f 2955//24 2953//24 2998//24
f 2998//24 2953//24 2975//24
f 2998//24 2975//24 2874//24
f 2874//24 2975//24 2973//24
f 2874//24 2973//24 2882//24
f 2882//24 2973//24 2971//24
f 2882//24 2971//24 2969//24
f 2994//24 2993//24 2930//24
f 2930//24 2993//24 2992//24
f 2930//24 2992//24 2899//24
f 2899//24 2992//24 2991//24
f 2899//24 2991//24 2990//24
f 2848//49 2871//49 2977//49
f 2977//49 2871//49 2882//49
f 2977//49 2882//49 2951//49
f 2951//49 2882//49 2930//49
f 2951//49 2930//49 2843//49
f 2843//49 2930//49 3001//49
f 2843//49 3001//49 2848//49
f 2848//49 3001//49 2871//49
f 2900//25 3002//25 2977//25
f 2977//25 3002//25 3003//25
f 3004//25 3005//25 3006//25
f 3006//25 3005//25 3007//25
f 3006//25 3007//25 3008//25
f 3008//25 3007//25 3009//25
f 3008//25 3009//25 3010//25
f 3011//25 3012//25 2900//25
f 2900//26 3012//26 3005//26
f 3003//25 3013//25 2977//25
f 2977//25 3013//25 3014//25
f 2977//25 3014//25 2848//25
f 2848//25 3014//25 3015//25
f 2847//25 3016//25 2900//25
f 2900//26 3016//26 3017//26
f 2900//25 3017//25 3011//25
f 3004//25 3018//25 3005//25
f 3005//25 3018//25 3019//25
f 3005//25 3019//25 2900//25
f 2900//25 3019//25 3020//25
f 2900//25 3020//25 3002//25
f 3010//25 3021//25 3008//25
f 3008//25 3021//25 2848//25
f 3008//25 2848//25 3022//25
f 3022//25 2848//25 3015//25
f 3021//25 3023//25 2848//25
f 2848//25 3023//25 3024//25
f 2848//25 3024//25 2847//25
f 2847//26 3024//26 3025//26
f 2847//25 3025//25 3016//25
f 3014//5 2883//5 3015//5
f 3015//5 2883//5 2881//5
f 3015//225 2881//225 3022//225
f 3022//225 2881//225 2880//225
f 3022//227 2880//227 3008//227
f 3008//227 2880//227 2879//227
f 3008//247 2879//247 3006//247
f 3006//247 2879//247 2890//247
f 3006//15 2890//15 3004//15
f 3004//15 2890//15 2897//15
f 3004//14 2897//14 3018//14
f 3018//14 2897//14 2896//14
f 3018//13 2896//13 3019//13
f 3019//13 2896//13 2894//13
f 3019//12 2894//12 3020//12
f 3020//12 2894//12 2893//12
f 3020//11 2893//11 3002//11
f 3002//11 2893//11 2892//11
f 3002//254 2892//254 3003//254
f 3003//254 2892//254 2891//254
f 3003//7 2891//7 3013//7
f 3013//7 2891//7 2884//7
f 3013//6 2884//6 3014//6
f 3014//6 2884//6 2883//6
f 3026//19 3027//19 3028//19
f 3028//19 3027//19 3029//19
f 3028//19 3029//19 3030//19
f 3030//19 3029//19 3031//19
f 3030//19 3031//19 3032//19
f 3032//21 3031//21 3033//21
f 3032//19 3033//19 3026//19
f 3026//19 3033//19 3027//19
f 3034//107 3035//107 3036//107
f 3036//108 3037//108 3034//108
f 3034//107 3037//107 3038//107
f 3034//24 3038//24 3039//24
f 3039//108 3038//108 3040//108
f 3034//24 3041//24 3035//24
f 3035//107 3041//107 3042//107
f 3035//108 3042//108 3043//108
f 3044//23 3045//23 3030//23
f 3030//24 3045//24 3046//24
f 3030//24 3046//24 3028//24
f 3028//23 3046//23 3047//23
f 3048//201 3049//201 3050//201
f 3050//107 3049//107 3051//107
f 3050//24 3051//24 3052//24
f 3052//108 3051//108 3053//108
f 3052//24 3053//24 3054//24
f 3040//107 3055//107 3039//107
f 3039//108 3055//108 3048//108
f 3039//24 3048//24 3056//24
f 3056//200 3048//200 3050//200
f 3056//201 3050//201 3057//201
f 3057//24 3050//24 3028//24
f 3057//24 3028//24 3058//24
f 3058//22 3028//22 3047//22
f 3054//24 3059//24 3052//24
f 3052//107 3059//107 3035//107
f 3052//24 3035//24 3030//24
f 3030//24 3035//24 3043//24
f 3030//24 3043//24 3044//24
f 3052//49 3060//49 3061//49
f 3061//49 3060//49 3062//49
f 3061//49 3062//49 3063//49
f 3063//49 3064//49 3061//49
f 3061//49 3064//49 3065//49
f 3061//49 3065//49 3032//49
f 3065//49 3066//49 3032//49
f 3032//50 3066//50 3067//50
f 3032//49 3067//49 3030//49
f 3030//49 3067//49 3068//49
f 3030//49 3068//49 3069//49
f 3069//50 3070//50 3030//50
f 3030//49 3070//49 3071//49
f 3030//49 3071//49 3052//49
f 3052//279 3071//279 3072//279
f 3052//49 3072//49 3060//49
f 3073//78 3074//78 3075//78
f 3075//78 3074//78 3076//78
f 3075//178 3076//178 3077//178
f 3077//77 3076//77 3078//77
f 3077//65 3078//65 3079//65
f 3079//65 3078//65 3080//65
f 3079//80 3080//80 3081//80
f 3081//80 3080//80 3082//80
f 3081//213 3082//213 3083//213
f 3083//238 3082//238 3084//238
f 3083//82 3084//82 3085//82
f 3085//81 3084//81 3086//81
f 3085//176 3086//176 3087//176
f 3087//176 3086//176 3088//176
f 3087//79 3088//79 3089//79
f 3089//79 3088//79 3090//79
f 3089//174 3090//174 3091//174
f 3091//175 3090//175 3092//175
f 3091//203 3092//203 3093//203
f 3093//173 3092//173 3094//173
f 3093//186 3094//186 3095//186
f 3095//280 3094//280 3096//280
f 3095//171 3096//171 3073//171
f 3073//171 3096//171 3074//171
f 3026//51 3097//51 3098//51
f 3098//51 3097//51 3099//51
f 3098//281 3100//281 3026//281
f 3026//51 3100//51 3101//51
f 3026//51 3101//51 3032//51
f 3032//206 3101//206 3102//206
f 3032//180 3102//180 3103//180
f 3061//51 3088//51 3097//51
f 3097//51 3088//51 3086//51
f 3097//51 3086//51 3084//51
f 3084//51 3082//51 3097//51
f 3097//51 3082//51 3080//51
f 3097//282 3080//282 3099//282
f 3099//181 3080//181 3078//181
f 3099//51 3078//51 3076//51
f 3103//51 3104//51 3032//51
f 3032//105 3104//105 3105//105
f 3032//51 3105//51 3096//51
f 3096//51 3094//51 3032//51
f 3032//51 3094//51 3092//51
f 3032//51 3092//51 3061//51
f 3061//181 3092//181 3090//181
f 3061//51 3090//51 3088//51
f 3105//105 3106//105 3096//105
f 3096//51 3106//51 3107//51
f 3096//51 3107//51 3074//51
f 3074//51 3107//51 3108//51
f 3074//51 3108//51 3076//51
f 3076//181 3108//181 3109//181
f 3076//105 3109//105 3099//105
f 3110//78 3102//78 3111//78
f 3111//78 3102//78 3101//78
f 3111//77 3101//77 3112//77
f 3112//178 3101//178 3100//178
f 3112//66 3100//66 3113//66
f 3113//68 3100//68 3098//68
f 3113//80 3098//80 3114//80
f 3114//80 3098//80 3099//80
f 3114//238 3099//238 3115//238
f 3115//83 3099//83 3109//83
f 3115//81 3109//81 3116//81
f 3116//81 3109//81 3108//81
f 3116//176 3108//176 3117//176
f 3117//176 3108//176 3107//176
f 3117//79 3107//79 3118//79
f 3118//79 3107//79 3106//79
f 3118//174 3106//174 3119//174
f 3119//174 3106//174 3105//174
f 3119//173 3105//173 3120//173
f 3120//173 3105//173 3104//173
f 3120//220 3104//220 3121//220
f 3121//172 3104//172 3103//172
f 3121//185 3103//185 3110//185
f 3110//171 3103//171 3102//171
f 3077//108 3079//108 3115//108
f 3091//107 3117//107 3118//107
f 3033//108 3119//108 3120//108
f 3115//24 3079//24 3114//24
f 3122//107 3085//107 3087//107
f 3087//24 3089//24 3122//24
f 3122//108 3089//108 3091//108
f 3122//24 3091//24 3033//24
f 3033//24 3091//24 3118//24
f 3033//107 3118//107 3119//107
f 3085//24 3122//24 3083//24
f 3083//24 3122//24 3123//24
f 3083//108 3123//108 3081//108
f 3120//24 3121//24 3033//24
f 3033//23 3121//23 3110//23
f 3033//24 3110//24 3027//24
f 3027//262 3110//262 3111//262
f 3027//24 3111//24 3112//24
f 3112//24 3113//24 3027//24
f 3027//214 3113//214 3114//214
f 3027//24 3114//24 3123//24
f 3123//283 3114//283 3079//283
f 3123//24 3079//24 3081//24
f 3091//198 3093//198 3117//198
f 3117//24 3093//24 3095//24
f 3117//24 3095//24 3116//24
f 3116//24 3095//24 3073//24
f 3116//24 3073//24 3115//24
f 3115//107 3073//107 3075//107
f 3115//24 3075//24 3077//24
f 3124//28 3125//28 3126//28
f 3126//28 3125//28 3122//28
f 3126//28 3122//28 3127//28
f 3128//28 3033//28 3129//28
f 3129//28 3033//28 3031//28
f 3129//29 3031//29 3130//29
f 3128//28 3131//28 3033//28
f 3033//29 3131//29 3132//29
f 3033//28 3132//28 3122//28
f 3122//28 3132//28 3133//28
f 3122//28 3133//28 3127//28
f 3124//28 3134//28 3125//28
f 3125//28 3134//28 3135//28
f 3125//28 3135//28 3031//28
f 3031//29 3135//29 3136//29
f 3031//28 3136//28 3130//28
f 2154//51 2155//51 3031//51
f 3031//51 2155//51 2144//51
f 3031//51 2144//51 3125//51
f 3125//181 2144//181 2145//181
f 3125//51 2145//51 3137//51
f 2266//223 2265//223 3031//223
f 3031//51 2265//51 2274//51
f 2269//182 2150//182 2151//182
f 2145//51 2146//51 3137//51
f 3137//51 2146//51 2147//51
f 3137//181 2147//181 2148//181
f 2151//181 2152//181 2269//181
f 2269//51 2152//51 2153//51
f 2269//181 2153//181 2271//181
f 2271//51 2153//51 2154//51
f 2271//51 2154//51 2272//51
f 2272//51 2154//51 3031//51
f 2272//284 3031//284 2273//284
f 2273//206 3031//206 2274//206
f 2269//51 2268//51 2150//51
f 2150//105 2268//105 2267//105
f 2150//51 2267//51 2286//51
f 2266//266 3031//266 2289//266
f 2289//51 3031//51 3029//51
f 2289//51 3029//51 2288//51
f 2148//105 2149//105 3137//105
f 3137//51 2149//51 2150//51
f 3137//51 2150//51 3029//51
f 3029//51 2150//51 2286//51
f 3029//51 2286//51 2288//51
f 3097//26 3123//26 3061//26
f 3061//25 3123//25 3122//25
f 3061//25 3122//25 3052//25
f 3052//26 3122//26 3125//26
f 3052//26 3125//26 3050//26
f 3050//25 3125//25 3137//25
f 3050//25 3137//25 3097//25
f 3097//25 3137//25 3123//25
f 3138//49 3139//49 3029//49
f 3029//49 3139//49 3140//49
f 3029//49 3140//49 3137//49
f 3140//49 3141//49 3137//49
f 3137//49 3141//49 3142//49
f 3137//49 3142//49 3123//49
f 3123//49 3142//49 3143//49
f 3123//49 3143//49 3144//49
f 3144//49 3145//49 3123//49
f 3123//276 3145//276 3146//276
f 3123//49 3146//49 3027//49
f 3146//50 3147//50 3027//50
f 3027//49 3147//49 3148//49
f 3027//49 3148//49 3029//49
f 3029//49 3148//49 3149//49
f 3029//50 3149//50 3138//50
f 3143//43 3150//43 3144//43
f 3144//168 3150//168 3151//168
f 3144//59 3151//59 3145//59
f 3145//42 3151//42 3152//42
f 3145//39 3152//39 3146//39
f 3146//285 3152//285 3153//285
f 3146//195 3153//195 3147//195
f 3147//57 3153//57 3154//57
f 3147//55 3154//55 3148//55
f 3148//165 3154//165 3155//165
f 3148//34 3155//34 3149//34
f 3149//34 3155//34 3156//34
f 3149//32 3156//32 3138//32
f 3138//54 3156//54 3157//54
f 3138//286 3157//286 3139//286
f 3139//164 3157//164 3158//164
f 3139//52 3158//52 3140//52
f 3140//53 3158//53 3159//53
f 3140//63 3159//63 3141//63
f 3141//287 3159//287 3160//287
f 3141//45 3160//45 3142//45
f 3142//46 3160//46 3161//46
f 3142//61 3161//61 3143//61
f 3143//44 3161//44 3150//44
f 3050//28 3150//28 3161//28
f 3150//28 3050//28 3151//28
f 3151//28 3050//28 3097//28
f 3151//28 3097//28 3152//28
f 3161//28 3160//28 3050//28
f 3050//28 3160//28 3159//28
f 3050//28 3159//28 3028//28
f 3028//28 3159//28 3158//28
f 3152//28 3097//28 3153//28
f 3153//28 3097//28 3026//28
f 3153//157 3026//157 3154//157
f 3158//28 3157//28 3028//28
f 3028//28 3157//28 3156//28
f 3028//28 3156//28 3026//28
f 3026//28 3156//28 3155//28
f 3026//28 3155//28 3154//28
f 3162//28 3163//28 3164//28
f 3164//28 3163//28 3165//28
f 3166//25 3162//25 3167//25
f 3167//25 3162//25 3164//25
f 3168//49 3169//49 3170//49
f 3170//49 3169//49 3171//49
f 3172//25 3168//25 3173//25
f 3173//25 3168//25 3170//25
f 3174//49 3172//49 3175//49
f 3175//49 3172//49 3173//49
f 3176//51 3167//51 3171//51
f 3171//51 3167//51 3164//51
f 3171//51 3164//51 3170//51
f 3170//51 3164//51 3165//51
f 3170//51 3165//51 3173//51
f 3173//51 3165//51 3175//51
f 3163//19 3174//19 3165//19
f 3165//19 3174//19 3175//19
f 3172//24 3174//24 3168//24
f 3168//24 3174//24 3163//24
f 3168//24 3163//24 3169//24
f 3169//24 3163//24 3162//24
f 3169//24 3162//24 3177//24
f 3177//23 3162//23 3166//23
